PRAGMA foreign_keys=OFF;
BEGIN TRANSACTION;
CREATE TABLE Guests (
    guest_id INTEGER PRIMARY KEY AUTOINCREMENT,
    first_name TEXT NOT NULL,
    last_name TEXT NOT NULL,
    email TEXT UNIQUE NOT NULL,
    phone TEXT,
    created_at TIMESTAMP DEFAULT CURRENT_TIMESTAMP,
    preferences TEXT
);
INSERT INTO Guests VALUES(1,'Inmaculada','Alvarez','lraya@example.org','+34 626 188 786','2025-03-28 23:57:48','{"smoker": true, "bed": "king", "allergies": "frutos secos"}');
INSERT INTO Guests VALUES(2,'Marisol','Esparza','chuscobo@example.net','+34958 13 60 66','2025-03-28 23:57:48','{"smoker": false, "bed": "queen", "allergies": "lacteos"}');
INSERT INTO Guests VALUES(3,'Luis Ángel','Palma','imanzanares@example.net','+34 977 07 06 55','2025-03-28 23:57:48','{"smoker": true, "bed": "twin", "allergies": "lacteos"}');
INSERT INTO Guests VALUES(4,'Eliseo','Ribas','grebollo@example.com','+34888 56 74 11','2025-03-28 23:57:48','{"smoker": false, "bed": "twin", "allergies": "ninguna"}');
INSERT INTO Guests VALUES(5,'Domitila','Adadia','jordanaiglesias@example.net','+34 843 647 867','2025-03-28 23:57:48','{"smoker": false, "bed": "king", "allergies": "polvo"}');
INSERT INTO Guests VALUES(6,'Leoncio','Estévez','quesadasalome@example.net','+34987732594','2025-03-28 23:57:48','{"smoker": true, "bed": "twin", "allergies": "ninguna"}');
INSERT INTO Guests VALUES(7,'Lupe','Águila','albanoberrocal@example.net','+34 847 365 346','2025-03-28 23:57:48','{"smoker": false, "bed": "queen", "allergies": "ninguna"}');
INSERT INTO Guests VALUES(8,'Clementina','Guitart','tatianapacheco@example.org','+34 923317246','2025-03-28 23:57:48','{"smoker": false, "bed": "king", "allergies": "frutos secos"}');
INSERT INTO Guests VALUES(9,'Berta','Pozo','erasmomendez@example.org','+34 976187079','2025-03-28 23:57:48','{"smoker": false, "bed": "twin", "allergies": "lacteos"}');
INSERT INTO Guests VALUES(10,'Anselmo','Moya','eustaquiovicens@example.org','+34 966 69 78 29','2025-03-28 23:57:48','{"smoker": false, "bed": "twin", "allergies": "polvo"}');
INSERT INTO Guests VALUES(11,'Vinicio','Gallo','nuriabotella@example.com','+34 824 247 480','2025-03-28 23:57:48','{"smoker": true, "bed": "queen", "allergies": "frutos secos"}');
INSERT INTO Guests VALUES(12,'Antonia','Carlos','azucena58@example.net','+34 819795356','2025-03-28 23:57:48','{"smoker": false, "bed": "king", "allergies": "mariscos"}');
INSERT INTO Guests VALUES(13,'Paca','Cisneros','domingo41@example.com','+34800 817 392','2025-03-28 23:57:48','{"smoker": true, "bed": "queen", "allergies": "mariscos"}');
INSERT INTO Guests VALUES(14,'Adora','Torres','senriquez@example.com','+34 886 315 917','2025-03-28 23:57:48','{"smoker": false, "bed": "king", "allergies": "ninguna"}');
INSERT INTO Guests VALUES(15,'Margarita','Vallés','torrecillaagapito@example.net','+34 941768714','2025-03-28 23:57:48','{"smoker": true, "bed": "twin", "allergies": "ninguna"}');
INSERT INTO Guests VALUES(16,'Obdulia','Gracia','elosa@example.net','+34877047201','2025-03-28 23:57:48','{"smoker": false, "bed": "twin", "allergies": "frutos secos"}');
INSERT INTO Guests VALUES(17,'Jose Antonio','Garzón','carmela60@example.net','+34887478536','2025-03-28 23:57:48','{"smoker": false, "bed": "twin", "allergies": "polvo"}');
INSERT INTO Guests VALUES(18,'Otilia','Cerezo','pedro51@example.net','+34815 08 73 70','2025-03-28 23:57:48','{"smoker": true, "bed": "king", "allergies": "frutos secos"}');
INSERT INTO Guests VALUES(19,'Ambrosio','Exposito','eutropio35@example.org','+34 842 836 516','2025-03-28 23:57:48','{"smoker": false, "bed": "queen", "allergies": "ninguna"}');
INSERT INTO Guests VALUES(20,'José Manuel','Acosta','aarmengol@example.com','+34803345940','2025-03-28 23:57:48','{"smoker": true, "bed": "queen", "allergies": "lacteos"}');
INSERT INTO Guests VALUES(21,'Esmeralda','Acuña','guadalupebello@example.org','+34849381846','2025-03-28 23:57:48','{"smoker": true, "bed": "twin", "allergies": "ninguna"}');
INSERT INTO Guests VALUES(22,'Jacinta','Salmerón','nunezfebe@example.com','+34 983 32 14 68','2025-03-28 23:57:48','{"smoker": true, "bed": "king", "allergies": "lacteos"}');
INSERT INTO Guests VALUES(23,'Elena','Riba','soleambar@example.net','+34 807 92 99 70','2025-03-28 23:57:48','{"smoker": true, "bed": "king", "allergies": "polvo"}');
INSERT INTO Guests VALUES(24,'Felicidad','Tomás','dbenavent@example.net','+34885 81 36 57','2025-03-28 23:57:48','{"smoker": false, "bed": "twin", "allergies": "lacteos"}');
INSERT INTO Guests VALUES(25,'Encarnita','Cuesta','dbravo@example.org','+34920 05 20 59','2025-03-28 23:57:48','{"smoker": false, "bed": "queen", "allergies": "lacteos"}');
INSERT INTO Guests VALUES(26,'Roxana','Mayo','miguela62@example.com','+34924354843','2025-03-28 23:57:48','{"smoker": true, "bed": "king", "allergies": "mariscos"}');
INSERT INTO Guests VALUES(27,'Enrique','Cantero','lupeguillen@example.net','+34 976 21 27 96','2025-03-28 23:57:48','{"smoker": false, "bed": "queen", "allergies": "ninguna"}');
INSERT INTO Guests VALUES(28,'Anselmo','Domínguez','ascension24@example.org','+34 823 56 72 43','2025-03-28 23:57:48','{"smoker": true, "bed": "king", "allergies": "polvo"}');
INSERT INTO Guests VALUES(29,'Arcelia','Peñalver','lilia83@example.org','+34 944 725 567','2025-03-28 23:57:48','{"smoker": true, "bed": "king", "allergies": "ninguna"}');
INSERT INTO Guests VALUES(30,'Hugo','Valdés','azucenazabala@example.org','+34985 12 82 18','2025-03-28 23:57:48','{"smoker": true, "bed": "twin", "allergies": "mariscos"}');
INSERT INTO Guests VALUES(31,'Maricela','Ramos','nacio39@example.org','+34 920 57 91 28','2025-03-28 23:57:48','{"smoker": false, "bed": "king", "allergies": "polvo"}');
INSERT INTO Guests VALUES(32,'Felipe','Zamorano','bernaberopero@example.net','+34 884907339','2025-03-28 23:57:48','{"smoker": false, "bed": "twin", "allergies": "frutos secos"}');
INSERT INTO Guests VALUES(33,'Asdrubal','Parra','corona05@example.com','+34987 892 389','2025-03-28 23:57:48','{"smoker": true, "bed": "twin", "allergies": "ninguna"}');
INSERT INTO Guests VALUES(34,'Aura','Cal','folive@example.org','+34 876590077','2025-03-28 23:57:48','{"smoker": true, "bed": "queen", "allergies": "polvo"}');
INSERT INTO Guests VALUES(35,'Ema','Garmendia','yblasco@example.net','+34 872 41 77 09','2025-03-28 23:57:48','{"smoker": false, "bed": "queen", "allergies": "mariscos"}');
INSERT INTO Guests VALUES(36,'Azeneth','Barroso','cluque@example.net','+34988 26 83 28','2025-03-28 23:57:48','{"smoker": false, "bed": "queen", "allergies": "polvo"}');
INSERT INTO Guests VALUES(37,'Marita','Doménech','cloe03@example.net','+34943 855 446','2025-03-28 23:57:48','{"smoker": false, "bed": "king", "allergies": "polvo"}');
INSERT INTO Guests VALUES(38,'Florentina','Borrego','maria-cristinajurado@example.com','+34 947 56 55 98','2025-03-28 23:57:48','{"smoker": false, "bed": "king", "allergies": "frutos secos"}');
INSERT INTO Guests VALUES(39,'Jenny','Paredes','uaguilar@example.com','+34 922 319 945','2025-03-28 23:57:48','{"smoker": true, "bed": "king", "allergies": "lacteos"}');
INSERT INTO Guests VALUES(40,'Agapito','Barriga','bnunez@example.net','+34 877909859','2025-03-28 23:57:48','{"smoker": true, "bed": "king", "allergies": "lacteos"}');
INSERT INTO Guests VALUES(41,'Chus','Linares','benitazabala@example.org','+34803740625','2025-03-28 23:57:48','{"smoker": false, "bed": "queen", "allergies": "polvo"}');
INSERT INTO Guests VALUES(42,'Azeneth','Espada','qalbero@example.com','+34 703 828 350','2025-03-28 23:57:48','{"smoker": true, "bed": "king", "allergies": "polvo"}');
INSERT INTO Guests VALUES(43,'Eva','Pol','melaniasomoza@example.com','+34925 615 989','2025-03-28 23:57:48','{"smoker": true, "bed": "king", "allergies": "frutos secos"}');
INSERT INTO Guests VALUES(44,'César','Rebollo','emiliano84@example.org','+34 857 66 12 94','2025-03-28 23:57:48','{"smoker": false, "bed": "twin", "allergies": "lacteos"}');
INSERT INTO Guests VALUES(45,'Emelina','Bernad','irma10@example.net','+34 885800820','2025-03-28 23:57:48','{"smoker": true, "bed": "twin", "allergies": "mariscos"}');
INSERT INTO Guests VALUES(46,'Efraín','Valencia','goicoecheaciriaco@example.net','+34 881 61 12 50','2025-03-28 23:57:48','{"smoker": false, "bed": "queen", "allergies": "mariscos"}');
INSERT INTO Guests VALUES(47,'Bernardita','Español','carvajalamando@example.com','+34845 042 436','2025-03-28 23:57:48','{"smoker": true, "bed": "queen", "allergies": "lacteos"}');
INSERT INTO Guests VALUES(48,'Rómulo','Aguado','molinsbonifacio@example.com','+34 834 591 196','2025-03-28 23:57:48','{"smoker": false, "bed": "queen", "allergies": "frutos secos"}');
INSERT INTO Guests VALUES(49,'Itziar','Atienza','pomboleocadia@example.com','+34 959 76 57 38','2025-03-28 23:57:48','{"smoker": true, "bed": "twin", "allergies": "frutos secos"}');
INSERT INTO Guests VALUES(50,'Silvestre','Sandoval','fitomalo@example.org','+34 807486090','2025-03-28 23:57:48','{"smoker": true, "bed": "king", "allergies": "lacteos"}');
INSERT INTO Guests VALUES(51,'Maximiliano','Carvajal','eligiaparra@example.org','+34 900 426 333','2025-03-28 23:57:48','{"smoker": false, "bed": "king", "allergies": "mariscos"}');
INSERT INTO Guests VALUES(52,'Julia','Valentín','bautistasamper@example.com','+34848277494','2025-03-28 23:57:48','{"smoker": true, "bed": "twin", "allergies": "polvo"}');
INSERT INTO Guests VALUES(53,'Lidia','Canales','benito12@example.org','+34 826 973 641','2025-03-28 23:57:48','{"smoker": false, "bed": "king", "allergies": "lacteos"}');
INSERT INTO Guests VALUES(54,'Paula','Bas','xiomara11@example.org','+34 923 66 75 51','2025-03-28 23:57:48','{"smoker": true, "bed": "queen", "allergies": "frutos secos"}');
INSERT INTO Guests VALUES(55,'Azucena','Roldan','brunoaramburu@example.org','+34981 46 26 81','2025-03-28 23:57:48','{"smoker": false, "bed": "queen", "allergies": "lacteos"}');
INSERT INTO Guests VALUES(56,'Emelina','Sandoval','cbartolome@example.org','+34 984 299 294','2025-03-28 23:57:48','{"smoker": false, "bed": "twin", "allergies": "frutos secos"}');
INSERT INTO Guests VALUES(57,'Rosalina','Larrañaga','monicalledo@example.com','+34927 00 57 41','2025-03-28 23:57:48','{"smoker": false, "bed": "queen", "allergies": "mariscos"}');
INSERT INTO Guests VALUES(58,'Sandalio','Niño','lucia64@example.com','+34886203372','2025-03-28 23:57:48','{"smoker": true, "bed": "queen", "allergies": "ninguna"}');
INSERT INTO Guests VALUES(59,'América','Vélez','kreal@example.org','+34910996947','2025-03-28 23:57:48','{"smoker": false, "bed": "queen", "allergies": "lacteos"}');
INSERT INTO Guests VALUES(60,'Jenny','Borja','teo71@example.net','+34 721498802','2025-03-28 23:57:48','{"smoker": true, "bed": "king", "allergies": "frutos secos"}');
INSERT INTO Guests VALUES(61,'Débora','Ariño','iuribe@example.com','+34923 70 79 50','2025-03-28 23:57:48','{"smoker": false, "bed": "twin", "allergies": "frutos secos"}');
INSERT INTO Guests VALUES(62,'Luisa','Cantero','cristobal29@example.org','+34885400042','2025-03-28 23:57:48','{"smoker": false, "bed": "twin", "allergies": "mariscos"}');
INSERT INTO Guests VALUES(63,'Tamara','Ramón','torrentamerico@example.org','+34 984298289','2025-03-28 23:57:48','{"smoker": true, "bed": "king", "allergies": "mariscos"}');
INSERT INTO Guests VALUES(64,'Georgina','Sobrino','clementina32@example.com','+34 985 61 91 82','2025-03-28 23:57:48','{"smoker": true, "bed": "twin", "allergies": "mariscos"}');
INSERT INTO Guests VALUES(65,'Remedios','Cadenas','osvaldo93@example.org','+34846 54 08 87','2025-03-28 23:57:48','{"smoker": false, "bed": "king", "allergies": "ninguna"}');
INSERT INTO Guests VALUES(66,'Juan Bautista','Gálvez','dazamanu@example.net','+34 901643562','2025-03-28 23:57:48','{"smoker": true, "bed": "king", "allergies": "mariscos"}');
INSERT INTO Guests VALUES(67,'Rita','Lucena','mgrande@example.org','+34 872 271 161','2025-03-28 23:57:48','{"smoker": true, "bed": "king", "allergies": "polvo"}');
INSERT INTO Guests VALUES(68,'Hernando','Hernandez','luis-angel89@example.net','+34822 88 07 50','2025-03-28 23:57:48','{"smoker": true, "bed": "king", "allergies": "mariscos"}');
INSERT INTO Guests VALUES(69,'Encarnacion','Jiménez','iglesiasangeles@example.com','+34 887 92 42 97','2025-03-28 23:57:48','{"smoker": true, "bed": "queen", "allergies": "polvo"}');
INSERT INTO Guests VALUES(70,'Inocencio','Noguera','seveborrego@example.com','+34 872 84 46 21','2025-03-28 23:57:48','{"smoker": true, "bed": "twin", "allergies": "mariscos"}');
INSERT INTO Guests VALUES(71,'Ofelia','Pavón','herasrosaura@example.com','+34 985177713','2025-03-28 23:57:48','{"smoker": true, "bed": "twin", "allergies": "polvo"}');
INSERT INTO Guests VALUES(72,'Oriana','Font','mcornejo@example.com','+34983 706 670','2025-03-28 23:57:48','{"smoker": true, "bed": "twin", "allergies": "frutos secos"}');
INSERT INTO Guests VALUES(73,'Jose Carlos','Elías','jose-mariaguardia@example.com','+34900 126 729','2025-03-28 23:57:48','{"smoker": true, "bed": "queen", "allergies": "lacteos"}');
INSERT INTO Guests VALUES(74,'Chema','Morillo','fabricio28@example.com','+34 719082526','2025-03-28 23:57:48','{"smoker": true, "bed": "king", "allergies": "frutos secos"}');
INSERT INTO Guests VALUES(75,'Paloma','Canet','usaavedra@example.org','+34 847 637 749','2025-03-28 23:57:48','{"smoker": false, "bed": "queen", "allergies": "frutos secos"}');
INSERT INTO Guests VALUES(76,'Roldán','Giralt','abellanjenaro@example.com','+34 935 16 40 82','2025-03-28 23:57:48','{"smoker": false, "bed": "queen", "allergies": "ninguna"}');
INSERT INTO Guests VALUES(77,'Juan Pablo','Ferrer','avilesmorena@example.org','+34924376438','2025-03-28 23:57:48','{"smoker": false, "bed": "king", "allergies": "lacteos"}');
INSERT INTO Guests VALUES(78,'Godofredo','Piñeiro','calixto02@example.com','+34849303351','2025-03-28 23:57:48','{"smoker": true, "bed": "twin", "allergies": "polvo"}');
INSERT INTO Guests VALUES(79,'Roberto','Tamarit','francheleuterio@example.net','+34949 608 068','2025-03-28 23:57:48','{"smoker": true, "bed": "queen", "allergies": "mariscos"}');
INSERT INTO Guests VALUES(80,'Anabel','Benavente','carmela50@example.org','+34 874056487','2025-03-28 23:57:48','{"smoker": true, "bed": "king", "allergies": "mariscos"}');
INSERT INTO Guests VALUES(81,'Evangelina','Coronado','rosamoises@example.com','+34943409352','2025-03-28 23:57:48','{"smoker": false, "bed": "queen", "allergies": "mariscos"}');
INSERT INTO Guests VALUES(82,'Alcides','Viana','curromontoya@example.com','+34878 394 762','2025-03-28 23:57:48','{"smoker": true, "bed": "queen", "allergies": "polvo"}');
INSERT INTO Guests VALUES(83,'Melania','Carbajo','marisariquelme@example.net','+34 962 38 68 79','2025-03-28 23:57:48','{"smoker": false, "bed": "king", "allergies": "mariscos"}');
INSERT INTO Guests VALUES(84,'Verónica','Oller','raimundo47@example.org','+34 842 926 636','2025-03-28 23:57:48','{"smoker": false, "bed": "king", "allergies": "frutos secos"}');
INSERT INTO Guests VALUES(85,'Macarena','Girón','paredesrafa@example.org','+34888 72 86 10','2025-03-28 23:57:48','{"smoker": true, "bed": "king", "allergies": "lacteos"}');
INSERT INTO Guests VALUES(86,'Donato','Alberto','sauracandelas@example.com','+34876 270 030','2025-03-28 23:57:48','{"smoker": true, "bed": "queen", "allergies": "mariscos"}');
INSERT INTO Guests VALUES(87,'Ainoa','Pla','alelumbreras@example.net','+34847 52 65 87','2025-03-28 23:57:48','{"smoker": false, "bed": "queen", "allergies": "lacteos"}');
INSERT INTO Guests VALUES(88,'Cipriano','Estévez','adrian90@example.com','+34 983 19 98 41','2025-03-28 23:57:48','{"smoker": true, "bed": "queen", "allergies": "ninguna"}');
INSERT INTO Guests VALUES(89,'Arcelia','Fabregat','samanta07@example.org','+34881027168','2025-03-28 23:57:48','{"smoker": true, "bed": "twin", "allergies": "mariscos"}');
INSERT INTO Guests VALUES(90,'Octavio','Matas','teofilaabella@example.com','+34 885 40 54 22','2025-03-28 23:57:48','{"smoker": false, "bed": "twin", "allergies": "frutos secos"}');
INSERT INTO Guests VALUES(91,'Cándido','Pol','suarezeustaquio@example.com','+34 821 180 840','2025-03-28 23:57:48','{"smoker": true, "bed": "queen", "allergies": "polvo"}');
INSERT INTO Guests VALUES(92,'Paca','Clavero','cortinacasemiro@example.net','+34828052080','2025-03-28 23:57:48','{"smoker": false, "bed": "twin", "allergies": "polvo"}');
INSERT INTO Guests VALUES(93,'Dani','Company','palmamercedes@example.com','+34867 328 574','2025-03-28 23:57:48','{"smoker": true, "bed": "king", "allergies": "polvo"}');
INSERT INTO Guests VALUES(94,'Coral','Mendez','kmaestre@example.org','+34 876241326','2025-03-28 23:57:48','{"smoker": false, "bed": "queen", "allergies": "polvo"}');
INSERT INTO Guests VALUES(95,'Brunilda','Cabanillas','marita06@example.com','+34 835 399 489','2025-03-28 23:57:48','{"smoker": false, "bed": "twin", "allergies": "frutos secos"}');
INSERT INTO Guests VALUES(96,'Benita','Carbó','bsaavedra@example.net','+34 871 14 52 88','2025-03-28 23:57:48','{"smoker": false, "bed": "twin", "allergies": "mariscos"}');
INSERT INTO Guests VALUES(97,'Narciso','Molina','leocadio95@example.com','+34 928 47 87 62','2025-03-28 23:57:48','{"smoker": false, "bed": "king", "allergies": "frutos secos"}');
INSERT INTO Guests VALUES(98,'Juanita','Atienza','granadosnidia@example.net','+34822 37 14 59','2025-03-28 23:57:48','{"smoker": true, "bed": "queen", "allergies": "lacteos"}');
INSERT INTO Guests VALUES(99,'Clímaco','Reyes','pagesbalduino@example.net','+34 824 00 70 29','2025-03-28 23:57:48','{"smoker": false, "bed": "queen", "allergies": "mariscos"}');
INSERT INTO Guests VALUES(100,'Marisa','Lastra','paloma64@example.org','+34 976 538 294','2025-03-28 23:57:48','{"smoker": false, "bed": "twin", "allergies": "frutos secos"}');
CREATE TABLE RoomTypes (
    room_type_id INTEGER PRIMARY KEY AUTOINCREMENT,
    name TEXT NOT NULL,
    description TEXT,
    base_price DECIMAL(10,2) NOT NULL,
    capacity INTEGER NOT NULL
);
INSERT INTO RoomTypes VALUES(1,'Single','Cama individual',75,1);
INSERT INTO RoomTypes VALUES(2,'Double','Cama doble',120,2);
INSERT INTO RoomTypes VALUES(3,'Suite','Suite con jacuzzi',250,4);
INSERT INTO RoomTypes VALUES(4,'Familiar','4 camas individuales',180,6);
CREATE TABLE Rooms (
    room_number TEXT PRIMARY KEY,
    room_type_id INTEGER NOT NULL,
    status TEXT CHECK(status IN ('disponible','ocupada','mantenimiento','limpieza')) NOT NULL,
    floor INTEGER,
    last_maintenance_date DATE,
    FOREIGN KEY (room_type_id) REFERENCES RoomTypes(room_type_id)
);
INSERT INTO Rooms VALUES('B-001',1,'limpieza',3,'2023-07-02');
INSERT INTO Rooms VALUES('A-002',4,'limpieza',8,'2023-06-01');
INSERT INTO Rooms VALUES('A-003',3,'limpieza',4,'2023-07-01');
INSERT INTO Rooms VALUES('B-004',3,'disponible',6,'2024-12-28');
INSERT INTO Rooms VALUES('C-005',2,'mantenimiento',8,'2024-09-20');
INSERT INTO Rooms VALUES('C-006',1,'disponible',2,'2025-03-11');
INSERT INTO Rooms VALUES('C-007',4,'limpieza',4,'2024-12-09');
INSERT INTO Rooms VALUES('B-008',4,'limpieza',5,'2024-03-16');
INSERT INTO Rooms VALUES('B-009',1,'ocupada',8,'2025-01-27');
INSERT INTO Rooms VALUES('A-010',3,'disponible',7,'2024-12-30');
INSERT INTO Rooms VALUES('A-011',3,'mantenimiento',3,'2023-08-15');
INSERT INTO Rooms VALUES('A-012',3,'mantenimiento',4,'2023-12-11');
INSERT INTO Rooms VALUES('C-013',4,'ocupada',1,'2024-04-23');
INSERT INTO Rooms VALUES('B-014',2,'disponible',4,'2023-11-23');
INSERT INTO Rooms VALUES('C-015',2,'mantenimiento',4,'2024-04-17');
INSERT INTO Rooms VALUES('C-016',2,'limpieza',4,'2024-11-15');
INSERT INTO Rooms VALUES('A-017',3,'limpieza',8,'2024-10-21');
INSERT INTO Rooms VALUES('C-018',4,'disponible',3,'2024-04-03');
INSERT INTO Rooms VALUES('A-019',3,'ocupada',7,'2023-10-20');
INSERT INTO Rooms VALUES('A-020',3,'limpieza',8,'2024-08-14');
INSERT INTO Rooms VALUES('B-021',1,'disponible',4,'2023-05-22');
INSERT INTO Rooms VALUES('C-022',3,'limpieza',5,'2025-02-07');
INSERT INTO Rooms VALUES('A-023',3,'mantenimiento',4,'2024-04-09');
INSERT INTO Rooms VALUES('B-024',1,'limpieza',2,'2024-07-03');
INSERT INTO Rooms VALUES('C-025',4,'ocupada',5,'2023-09-05');
INSERT INTO Rooms VALUES('B-026',4,'ocupada',2,'2023-04-29');
INSERT INTO Rooms VALUES('C-027',2,'disponible',1,'2023-12-22');
INSERT INTO Rooms VALUES('C-028',4,'mantenimiento',6,'2023-10-23');
INSERT INTO Rooms VALUES('A-029',4,'disponible',1,'2023-12-22');
INSERT INTO Rooms VALUES('A-030',4,'ocupada',7,'2023-04-12');
INSERT INTO Rooms VALUES('C-031',4,'mantenimiento',1,'2024-11-11');
INSERT INTO Rooms VALUES('C-032',4,'mantenimiento',3,'2024-02-13');
INSERT INTO Rooms VALUES('B-033',1,'limpieza',4,'2023-09-03');
INSERT INTO Rooms VALUES('A-034',2,'mantenimiento',8,'2023-12-26');
INSERT INTO Rooms VALUES('B-035',1,'mantenimiento',6,'2024-10-15');
INSERT INTO Rooms VALUES('A-036',2,'disponible',5,'2025-03-20');
INSERT INTO Rooms VALUES('A-037',2,'mantenimiento',7,'2023-06-21');
INSERT INTO Rooms VALUES('A-038',3,'disponible',1,'2023-11-18');
INSERT INTO Rooms VALUES('B-039',2,'ocupada',6,'2023-07-15');
INSERT INTO Rooms VALUES('A-040',4,'limpieza',4,'2024-12-17');
INSERT INTO Rooms VALUES('B-041',3,'mantenimiento',3,'2023-10-12');
INSERT INTO Rooms VALUES('C-042',1,'disponible',8,'2024-05-30');
INSERT INTO Rooms VALUES('A-043',3,'ocupada',5,'2023-06-04');
INSERT INTO Rooms VALUES('C-044',3,'limpieza',4,'2024-01-23');
INSERT INTO Rooms VALUES('A-045',2,'ocupada',5,'2024-10-30');
INSERT INTO Rooms VALUES('A-046',2,'disponible',1,'2023-04-29');
INSERT INTO Rooms VALUES('A-047',3,'disponible',1,'2023-12-04');
INSERT INTO Rooms VALUES('C-048',4,'mantenimiento',1,'2023-04-14');
INSERT INTO Rooms VALUES('B-049',1,'limpieza',4,'2023-05-21');
INSERT INTO Rooms VALUES('C-050',1,'ocupada',6,'2023-07-02');
CREATE TABLE Reservations (
    reservation_id TEXT PRIMARY KEY,
    guest_id INTEGER NOT NULL,
    check_in_date DATE NOT NULL,
    check_out_date DATE NOT NULL,
    booking_date DATE DEFAULT (DATE('now')),
    total_price DECIMAL(10,2) NOT NULL,
    status TEXT CHECK(status IN ('pendiente','confirmada','cancelada','check-in','check-out')) NOT NULL,
    special_requests TEXT,
    FOREIGN KEY (guest_id) REFERENCES Guests(guest_id)
);
INSERT INTO Reservations VALUES('RES-20250328235748-0001',42,'2024-05-26','2024-05-29','2025-03-28',697.720000000000027,'check-out',NULL);
INSERT INTO Reservations VALUES('RES-20250328235748-0002',31,'2025-03-08','2025-03-13','2025-03-28',1815.1400000000001,'cancelada',NULL);
INSERT INTO Reservations VALUES('RES-20250328235748-0003',79,'2024-06-09','2024-06-20','2025-03-28',1438.42000000000007,'cancelada',NULL);
INSERT INTO Reservations VALUES('RES-20250328235748-0004',28,'2024-07-14','2024-07-23','2025-03-28',2156.07000000000016,'cancelada','Quod voluptatibus voluptas inventore nisi debitis.');
INSERT INTO Reservations VALUES('RES-20250328235748-0005',67,'2024-09-16','2024-09-27','2025-03-28',849.230000000000018,'check-out','Quisquam facilis velit commodi a maxime laborum deserunt.');
INSERT INTO Reservations VALUES('RES-20250328235748-0006',48,'2024-08-02','2024-08-11','2025-03-28',2402.84000000000014,'pendiente','Laudantium asperiores nesciunt aliquid.');
INSERT INTO Reservations VALUES('RES-20250328235748-0007',87,'2024-04-13','2024-04-27','2025-03-28',8096.10999999999967,'confirmada','Maiores aperiam commodi voluptate.');
INSERT INTO Reservations VALUES('RES-20250328235748-0008',67,'2025-03-19','2025-04-01','2025-03-28',2973.5300000000002,'cancelada','Ad hic occaecati sint laudantium molestias.');
INSERT INTO Reservations VALUES('RES-20250328235748-0009',10,'2024-06-29','2024-07-09','2025-03-28',2764.53999999999996,'confirmada',NULL);
INSERT INTO Reservations VALUES('RES-20250328235748-0010',11,'2025-01-24','2025-02-03','2025-03-28',3441.57999999999992,'cancelada','Reprehenderit dolorum eum optio.');
INSERT INTO Reservations VALUES('RES-20250328235748-0011',13,'2024-04-22','2024-04-25','2025-03-28',1841.26999999999998,'cancelada',NULL);
INSERT INTO Reservations VALUES('RES-20250328235748-0012',63,'2024-11-26','2024-12-10','2025-03-28',3693.30000000000018,'confirmada','Maiores veritatis sequi atque.');
INSERT INTO Reservations VALUES('RES-20250328235748-0013',67,'2025-03-16','2025-03-29','2025-03-28',3538.07999999999992,'confirmada','Modi rem distinctio sapiente.');
INSERT INTO Reservations VALUES('RES-20250328235748-0014',87,'2025-01-08','2025-01-14','2025-03-28',1486.90000000000009,'confirmada','Id fuga quam in commodi iusto.');
INSERT INTO Reservations VALUES('RES-20250328235748-0015',57,'2024-07-27','2024-07-28','2025-03-28',369,'confirmada','Ratione totam nulla alias quo consequuntur consectetur ullam.');
INSERT INTO Reservations VALUES('RES-20250328235748-0016',68,'2024-10-07','2024-10-20','2025-03-28',2478.67000000000007,'pendiente','Sed est officiis tempore a quo totam incidunt.');
INSERT INTO Reservations VALUES('RES-20250328235748-0017',90,'2024-08-03','2024-08-11','2025-03-28',2067.61000000000012,'confirmada',NULL);
INSERT INTO Reservations VALUES('RES-20250328235748-0018',40,'2024-08-26','2024-08-31','2025-03-28',647.67999999999995,'confirmada','Nam dolorem similique voluptatibus error magni cupiditate.');
INSERT INTO Reservations VALUES('RES-20250328235748-0019',70,'2024-07-03','2024-07-06','2025-03-28',344.779999999999972,'cancelada','Ex sit ut voluptatum doloremque nulla.');
INSERT INTO Reservations VALUES('RES-20250328235748-0020',96,'2024-10-11','2024-10-21','2025-03-28',3065.67000000000007,'cancelada',NULL);
INSERT INTO Reservations VALUES('RES-20250328235748-0021',54,'2024-09-13','2024-09-16','2025-03-28',1062.01999999999998,'check-out','Quibusdam consectetur error sapiente.');
INSERT INTO Reservations VALUES('RES-20250328235748-0022',22,'2024-09-05','2024-09-18','2025-03-28',4660.3100000000004,'cancelada',NULL);
INSERT INTO Reservations VALUES('RES-20250328235748-0023',9,'2024-04-15','2024-04-28','2025-03-28',4290.90999999999985,'cancelada','Eaque repellendus neque maiores.');
INSERT INTO Reservations VALUES('RES-20250328235748-0024',26,'2024-06-06','2024-06-14','2025-03-28',2085.46000000000003,'pendiente','Eligendi repellendus voluptatum.');
INSERT INTO Reservations VALUES('RES-20250328235748-0025',37,'2024-06-14','2024-06-17','2025-03-28',568.57000000000005,'pendiente','Temporibus sequi ipsa illum veritatis suscipit error.');
INSERT INTO Reservations VALUES('RES-20250328235748-0026',27,'2025-02-17','2025-02-18','2025-03-28',361.269999999999981,'check-out','Ea in eius alias eum possimus.');
INSERT INTO Reservations VALUES('RES-20250328235748-0027',38,'2025-03-22','2025-03-27','2025-03-28',593.779999999999972,'cancelada',NULL);
INSERT INTO Reservations VALUES('RES-20250328235748-0028',83,'2024-11-09','2024-11-17','2025-03-28',586.620000000000004,'cancelada',NULL);
INSERT INTO Reservations VALUES('RES-20250328235748-0029',49,'2024-05-03','2024-05-09','2025-03-28',1822.68000000000006,'confirmada','Minima eos id ipsa dolor.');
INSERT INTO Reservations VALUES('RES-20250328235748-0030',41,'2024-03-29','2024-04-04','2025-03-28',3015.82999999999992,'pendiente','Suscipit at labore.');
INSERT INTO Reservations VALUES('RES-20250328235748-0031',21,'2024-06-30','2024-07-09','2025-03-28',2645.0999999999999,'cancelada',NULL);
INSERT INTO Reservations VALUES('RES-20250328235748-0032',39,'2024-07-10','2024-07-18','2025-03-28',2999.36999999999989,'pendiente','Iste ipsum incidunt distinctio quas.');
INSERT INTO Reservations VALUES('RES-20250328235748-0033',13,'2024-10-04','2024-10-14','2025-03-28',1253.95000000000004,'pendiente','Facere cupiditate in reprehenderit nihil expedita.');
INSERT INTO Reservations VALUES('RES-20250328235748-0034',37,'2024-07-13','2024-07-22','2025-03-28',3237.36999999999989,'pendiente','Modi enim atque voluptatibus aliquam est tempora.');
INSERT INTO Reservations VALUES('RES-20250328235748-0035',30,'2024-05-01','2024-05-03','2025-03-28',1069.04999999999995,'check-out','Fugiat quaerat excepturi.');
INSERT INTO Reservations VALUES('RES-20250328235748-0036',86,'2024-07-06','2024-07-14','2025-03-28',1042.25999999999999,'confirmada','Aliquid iure incidunt dignissimos illo.');
INSERT INTO Reservations VALUES('RES-20250328235748-0037',81,'2025-02-04','2025-02-13','2025-03-28',1599.17000000000007,'pendiente','Quod nobis aperiam suscipit quia.');
INSERT INTO Reservations VALUES('RES-20250328235748-0038',12,'2025-03-13','2025-03-20','2025-03-28',2338.57999999999992,'check-out','Consequatur dignissimos minus earum distinctio at.');
INSERT INTO Reservations VALUES('RES-20250328235748-0039',99,'2024-05-09','2024-05-14','2025-03-28',910.139999999999986,'confirmada','Nulla in necessitatibus blanditiis ad at maiores.');
INSERT INTO Reservations VALUES('RES-20250328235748-0040',98,'2024-09-02','2024-09-07','2025-03-28',2540.98999999999978,'confirmada','Deleniti quae quaerat ab quidem.');
INSERT INTO Reservations VALUES('RES-20250328235748-0041',6,'2024-10-04','2024-10-11','2025-03-28',2768.07999999999992,'pendiente',NULL);
INSERT INTO Reservations VALUES('RES-20250328235748-0042',42,'2024-08-04','2024-08-14','2025-03-28',5564.1899999999996,'check-out','Quam voluptate odio voluptatem.');
INSERT INTO Reservations VALUES('RES-20250328235748-0043',3,'2024-05-22','2024-06-05','2025-03-28',7539.85999999999967,'cancelada','Debitis ducimus maiores dolor excepturi eaque velit.');
INSERT INTO Reservations VALUES('RES-20250328235748-0044',94,'2024-11-02','2024-11-10','2025-03-28',3341.6300000000001,'check-out',NULL);
INSERT INTO Reservations VALUES('RES-20250328235748-0045',26,'2024-06-01','2024-06-02','2025-03-28',110.450000000000002,'check-out',NULL);
INSERT INTO Reservations VALUES('RES-20250328235748-0046',59,'2024-09-11','2024-09-16','2025-03-28',1202.55999999999994,'check-out','Nemo libero doloremque dolor consectetur accusantium voluptate.');
INSERT INTO Reservations VALUES('RES-20250328235748-0047',31,'2025-02-09','2025-02-21','2025-03-28',1518.16000000000008,'pendiente','Provident incidunt quae eligendi.');
INSERT INTO Reservations VALUES('RES-20250328235748-0048',28,'2024-08-29','2024-09-12','2025-03-28',5024.39999999999963,'confirmada','Qui laudantium vitae accusamus.');
INSERT INTO Reservations VALUES('RES-20250328235748-0049',19,'2024-04-04','2024-04-14','2025-03-28',2497.4699999999998,'confirmada','Error quasi aut dolore voluptatibus.');
INSERT INTO Reservations VALUES('RES-20250328235748-0050',80,'2024-07-13','2024-07-22','2025-03-28',3683.5999999999999,'confirmada','Magni praesentium soluta architecto maxime qui quae.');
INSERT INTO Reservations VALUES('RES-20250328235748-0051',66,'2024-06-03','2024-06-11','2025-03-28',1961.1099999999999,'cancelada',NULL);
INSERT INTO Reservations VALUES('RES-20250328235748-0052',65,'2024-04-20','2024-04-24','2025-03-28',1508,'pendiente','Quaerat in placeat.');
INSERT INTO Reservations VALUES('RES-20250328235748-0053',4,'2024-05-22','2024-06-05','2025-03-28',4201.85999999999967,'confirmada',NULL);
INSERT INTO Reservations VALUES('RES-20250328235748-0054',91,'2025-03-18','2025-03-21','2025-03-28',1871.91000000000008,'confirmada','Repudiandae error odit adipisci eum nam ab.');
INSERT INTO Reservations VALUES('RES-20250328235748-0055',66,'2024-09-14','2024-09-15','2025-03-28',173.539999999999992,'cancelada',NULL);
INSERT INTO Reservations VALUES('RES-20250328235748-0056',33,'2024-09-24','2024-10-03','2025-03-28',1575.5,'cancelada','Dolorem alias dignissimos ipsa iure distinctio.');
INSERT INTO Reservations VALUES('RES-20250328235748-0057',41,'2024-04-11','2024-04-18','2025-03-28',3802.59000000000014,'pendiente','Dolore quasi vitae vel tempore illo possimus.');
INSERT INTO Reservations VALUES('RES-20250328235748-0058',94,'2024-10-18','2024-10-20','2025-03-28',613.470000000000027,'confirmada','Cumque rem earum ipsum.');
INSERT INTO Reservations VALUES('RES-20250328235748-0059',67,'2024-08-04','2024-08-09','2025-03-28',1300.45000000000004,'cancelada','Adipisci eligendi libero expedita soluta.');
INSERT INTO Reservations VALUES('RES-20250328235748-0060',27,'2025-02-28','2025-03-01','2025-03-28',292.579999999999984,'confirmada','Odio pariatur repudiandae odit impedit.');
INSERT INTO Reservations VALUES('RES-20250328235748-0061',20,'2024-12-31','2025-01-10','2025-03-28',2616.4699999999998,'confirmada','Reprehenderit totam nulla quis ipsa cum aperiam.');
INSERT INTO Reservations VALUES('RES-20250328235748-0062',89,'2024-05-19','2024-05-26','2025-03-28',2133.23000000000001,'pendiente',NULL);
INSERT INTO Reservations VALUES('RES-20250328235748-0063',86,'2025-02-18','2025-02-21','2025-03-28',1210.29999999999995,'cancelada',NULL);
INSERT INTO Reservations VALUES('RES-20250328235748-0064',26,'2024-12-21','2024-12-25','2025-03-28',2206.86000000000012,'cancelada','Iusto laborum modi mollitia eligendi voluptate.');
INSERT INTO Reservations VALUES('RES-20250328235748-0065',86,'2024-04-24','2024-04-30','2025-03-28',3256.61999999999989,'cancelada','Vero quas recusandae tenetur eligendi qui.');
INSERT INTO Reservations VALUES('RES-20250328235748-0066',3,'2025-01-19','2025-02-02','2025-03-28',6011.68000000000029,'confirmada','Commodi eaque doloribus atque fugiat.');
INSERT INTO Reservations VALUES('RES-20250328235748-0067',39,'2024-10-31','2024-11-10','2025-03-28',1944.02999999999997,'confirmada',NULL);
INSERT INTO Reservations VALUES('RES-20250328235748-0068',95,'2024-12-29','2025-01-05','2025-03-28',1031.43000000000006,'cancelada','Soluta maxime placeat tempora.');
INSERT INTO Reservations VALUES('RES-20250328235748-0069',56,'2024-04-22','2024-04-27','2025-03-28',2553.19000000000005,'pendiente',NULL);
INSERT INTO Reservations VALUES('RES-20250328235748-0070',16,'2024-10-07','2024-10-09','2025-03-28',549.460000000000036,'pendiente','Sapiente impedit ex libero doloremque aspernatur temporibus.');
INSERT INTO Reservations VALUES('RES-20250328235748-0071',44,'2024-11-14','2024-11-25','2025-03-28',1977.77999999999997,'check-out','Aut possimus commodi tenetur.');
INSERT INTO Reservations VALUES('RES-20250328235748-0072',96,'2024-08-27','2024-09-10','2025-03-28',2533.61999999999989,'confirmada',NULL);
INSERT INTO Reservations VALUES('RES-20250328235748-0073',1,'2024-12-03','2024-12-05','2025-03-28',390.829999999999984,'confirmada',NULL);
INSERT INTO Reservations VALUES('RES-20250328235748-0074',81,'2024-10-13','2024-10-19','2025-03-28',946.419999999999959,'pendiente',NULL);
INSERT INTO Reservations VALUES('RES-20250328235748-0075',92,'2024-07-06','2024-07-10','2025-03-28',2017.1300000000001,'check-out','Voluptate odit nobis alias.');
INSERT INTO Reservations VALUES('RES-20250328235748-0076',92,'2024-05-10','2024-05-23','2025-03-28',1030.53999999999996,'confirmada',NULL);
INSERT INTO Reservations VALUES('RES-20250328235748-0077',61,'2024-08-28','2024-08-30','2025-03-28',735.32000000000005,'confirmada',NULL);
INSERT INTO Reservations VALUES('RES-20250328235748-0078',63,'2024-05-04','2024-05-14','2025-03-28',4355.93000000000029,'confirmada',NULL);
INSERT INTO Reservations VALUES('RES-20250328235748-0079',99,'2025-01-21','2025-01-25','2025-03-28',1720.31999999999993,'confirmada','Sint iste similique.');
INSERT INTO Reservations VALUES('RES-20250328235748-0080',16,'2024-04-12','2024-04-26','2025-03-28',2494.78999999999996,'confirmada','Explicabo minus sapiente exercitationem quisquam praesentium sit.');
INSERT INTO Reservations VALUES('RES-20250328235748-0081',33,'2024-10-20','2024-10-27','2025-03-28',1599.85999999999989,'confirmada','Inventore unde impedit reprehenderit ab quidem.');
INSERT INTO Reservations VALUES('RES-20250328235748-0082',58,'2024-06-20','2024-06-26','2025-03-28',1118.36999999999989,'cancelada','Sed soluta alias cupiditate iste.');
INSERT INTO Reservations VALUES('RES-20250328235748-0083',1,'2024-08-30','2024-09-07','2025-03-28',906.269999999999981,'pendiente',NULL);
CREATE TABLE ReservationRooms (
    reservation_id TEXT NOT NULL,
    room_number TEXT NOT NULL,
    price_at_booking DECIMAL(10,2) NOT NULL,
    PRIMARY KEY (reservation_id, room_number),
    FOREIGN KEY (reservation_id) REFERENCES Reservations(reservation_id),
    FOREIGN KEY (room_number) REFERENCES Rooms(room_number)
);
INSERT INTO ReservationRooms VALUES('RES-20250328235748-0001','A-020',697.720000000000027);
INSERT INTO ReservationRooms VALUES('RES-20250328235748-0002','C-007',939.08000000000004);
INSERT INTO ReservationRooms VALUES('RES-20250328235748-0002','B-026',876.059999999999945);
INSERT INTO ReservationRooms VALUES('RES-20250328235748-0003','A-045',1438.42000000000007);
INSERT INTO ReservationRooms VALUES('RES-20250328235748-0004','A-036',1096.56999999999993);
INSERT INTO ReservationRooms VALUES('RES-20250328235748-0004','A-037',1059.5);
INSERT INTO ReservationRooms VALUES('RES-20250328235748-0005','B-033',849.230000000000018);
INSERT INTO ReservationRooms VALUES('RES-20250328235748-0006','A-011',2402.84000000000014);
INSERT INTO ReservationRooms VALUES('RES-20250328235748-0007','A-037',1570.65000000000009);
INSERT INTO ReservationRooms VALUES('RES-20250328235748-0007','A-047',3832.30000000000018);
INSERT INTO ReservationRooms VALUES('RES-20250328235748-0007','A-029',2693.15999999999985);
INSERT INTO ReservationRooms VALUES('RES-20250328235748-0008','A-023',2973.5300000000002);
INSERT INTO ReservationRooms VALUES('RES-20250328235748-0009','B-014',1127);
INSERT INTO ReservationRooms VALUES('RES-20250328235748-0009','A-040',1637.53999999999996);
INSERT INTO ReservationRooms VALUES('RES-20250328235748-0010','A-011',2706.05999999999994);
INSERT INTO ReservationRooms VALUES('RES-20250328235748-0010','B-033',735.519999999999981);
INSERT INTO ReservationRooms VALUES('RES-20250328235748-0011','A-003',714.159999999999968);
INSERT INTO ReservationRooms VALUES('RES-20250328235748-0011','C-032',588.740000000000009);
INSERT INTO ReservationRooms VALUES('RES-20250328235748-0011','A-030',538.370000000000004);
INSERT INTO ReservationRooms VALUES('RES-20250328235748-0012','B-033',1141.25999999999999);
INSERT INTO ReservationRooms VALUES('RES-20250328235748-0012','C-050',978.730000000000018);
INSERT INTO ReservationRooms VALUES('RES-20250328235748-0012','A-046',1573.30999999999994);
INSERT INTO ReservationRooms VALUES('RES-20250328235748-0013','A-020',3538.07999999999992);
INSERT INTO ReservationRooms VALUES('RES-20250328235748-0014','A-030',1035.90000000000009);
INSERT INTO ReservationRooms VALUES('RES-20250328235748-0014','C-042',451);
INSERT INTO ReservationRooms VALUES('RES-20250328235748-0015','A-029',179.650000000000005);
INSERT INTO ReservationRooms VALUES('RES-20250328235748-0015','C-028',189.349999999999994);
INSERT INTO ReservationRooms VALUES('RES-20250328235748-0016','A-037',1433.25999999999999);
INSERT INTO ReservationRooms VALUES('RES-20250328235748-0016','C-006',1045.41000000000008);
INSERT INTO ReservationRooms VALUES('RES-20250328235748-0017','A-047',2067.61000000000012);
INSERT INTO ReservationRooms VALUES('RES-20250328235748-0018','C-027',647.67999999999995);
INSERT INTO ReservationRooms VALUES('RES-20250328235748-0019','C-015',344.779999999999972);
INSERT INTO ReservationRooms VALUES('RES-20250328235748-0020','C-032',1823.78999999999996);
INSERT INTO ReservationRooms VALUES('RES-20250328235748-0020','A-046',1241.8800000000001);
INSERT INTO ReservationRooms VALUES('RES-20250328235748-0021','A-040',502.220000000000027);
INSERT INTO ReservationRooms VALUES('RES-20250328235748-0021','C-027',327.240000000000009);
INSERT INTO ReservationRooms VALUES('RES-20250328235748-0021','C-042',232.560000000000002);
INSERT INTO ReservationRooms VALUES('RES-20250328235748-0022','A-046',1598.29999999999995);
INSERT INTO ReservationRooms VALUES('RES-20250328235748-0022','C-005',1618.31999999999993);
INSERT INTO ReservationRooms VALUES('RES-20250328235748-0022','A-036',1443.69000000000005);
INSERT INTO ReservationRooms VALUES('RES-20250328235748-0023','A-043',3392.53999999999996);
INSERT INTO ReservationRooms VALUES('RES-20250328235748-0023','B-021',898.370000000000004);
INSERT INTO ReservationRooms VALUES('RES-20250328235748-0024','C-006',566.33000000000004);
INSERT INTO ReservationRooms VALUES('RES-20250328235748-0024','C-025',1519.1300000000001);
INSERT INTO ReservationRooms VALUES('RES-20250328235748-0025','C-018',568.57000000000005);
INSERT INTO ReservationRooms VALUES('RES-20250328235748-0026','A-003',231.740000000000009);
INSERT INTO ReservationRooms VALUES('RES-20250328235748-0026','C-015',129.530000000000001);
INSERT INTO ReservationRooms VALUES('RES-20250328235748-0027','A-034',593.779999999999972);
INSERT INTO ReservationRooms VALUES('RES-20250328235748-0028','B-024',586.620000000000004);
INSERT INTO ReservationRooms VALUES('RES-20250328235748-0029','A-010',1363.6300000000001);
INSERT INTO ReservationRooms VALUES('RES-20250328235748-0029','B-001',459.050000000000011);
INSERT INTO ReservationRooms VALUES('RES-20250328235748-0030','B-026',1185.0999999999999);
INSERT INTO ReservationRooms VALUES('RES-20250328235748-0030','C-015',732.58000000000004);
INSERT INTO ReservationRooms VALUES('RES-20250328235748-0030','A-030',1098.15000000000009);
INSERT INTO ReservationRooms VALUES('RES-20250328235748-0031','C-048',1667.06999999999993);
INSERT INTO ReservationRooms VALUES('RES-20250328235748-0031','A-037',978.029999999999972);
INSERT INTO ReservationRooms VALUES('RES-20250328235748-0032','C-048',1561.3900000000001);
INSERT INTO ReservationRooms VALUES('RES-20250328235748-0032','A-002',1437.98000000000001);
INSERT INTO ReservationRooms VALUES('RES-20250328235748-0033','C-016',1253.95000000000004);
INSERT INTO ReservationRooms VALUES('RES-20250328235748-0034','B-041',2076.7199999999998);
INSERT INTO ReservationRooms VALUES('RES-20250328235748-0034','A-037',1160.65000000000009);
INSERT INTO ReservationRooms VALUES('RES-20250328235748-0035','A-037',233.419999999999987);
INSERT INTO ReservationRooms VALUES('RES-20250328235748-0035','C-025',349.209999999999979);
INSERT INTO ReservationRooms VALUES('RES-20250328235748-0035','A-010',486.420000000000015);
INSERT INTO ReservationRooms VALUES('RES-20250328235748-0036','B-014',1042.25999999999999);
INSERT INTO ReservationRooms VALUES('RES-20250328235748-0037','A-002',1599.17000000000007);
INSERT INTO ReservationRooms VALUES('RES-20250328235748-0038','B-035',508.410000000000025);
INSERT INTO ReservationRooms VALUES('RES-20250328235748-0038','A-017',1830.17000000000007);
INSERT INTO ReservationRooms VALUES('RES-20250328235748-0039','A-002',910.139999999999986);
INSERT INTO ReservationRooms VALUES('RES-20250328235748-0040','C-022',1308.48000000000001);
INSERT INTO ReservationRooms VALUES('RES-20250328235748-0040','B-004',1232.50999999999999);
INSERT INTO ReservationRooms VALUES('RES-20250328235748-0041','A-030',1171.8900000000001);
INSERT INTO ReservationRooms VALUES('RES-20250328235748-0041','C-044',1596.19000000000005);
INSERT INTO ReservationRooms VALUES('RES-20250328235748-0042','A-002',1875.1099999999999);
INSERT INTO ReservationRooms VALUES('RES-20250328235748-0042','C-032',1710.74);
INSERT INTO ReservationRooms VALUES('RES-20250328235748-0042','A-030',1978.33999999999991);
INSERT INTO ReservationRooms VALUES('RES-20250328235748-0043','B-014',1536.5999999999999);
INSERT INTO ReservationRooms VALUES('RES-20250328235748-0043','C-025',2715.73999999999978);
INSERT INTO ReservationRooms VALUES('RES-20250328235748-0043','A-047',3287.51999999999998);
INSERT INTO ReservationRooms VALUES('RES-20250328235748-0044','A-023',2026.40000000000009);
INSERT INTO ReservationRooms VALUES('RES-20250328235748-0044','C-032',1315.23000000000001);
INSERT INTO ReservationRooms VALUES('RES-20250328235748-0045','C-015',110.450000000000002);
INSERT INTO ReservationRooms VALUES('RES-20250328235748-0046','A-043',1202.55999999999994);
INSERT INTO ReservationRooms VALUES('RES-20250328235748-0047','B-039',1518.16000000000008);
INSERT INTO ReservationRooms VALUES('RES-20250328235748-0048','B-024',1027.22000000000002);
INSERT INTO ReservationRooms VALUES('RES-20250328235748-0048','A-029',2460.51000000000021);
INSERT INTO ReservationRooms VALUES('RES-20250328235748-0048','B-014',1536.67000000000007);
INSERT INTO ReservationRooms VALUES('RES-20250328235748-0049','A-037',1286.32999999999992);
INSERT INTO ReservationRooms VALUES('RES-20250328235748-0049','A-036',1211.1400000000001);
INSERT INTO ReservationRooms VALUES('RES-20250328235748-0050','A-038',2170.84000000000014);
INSERT INTO ReservationRooms VALUES('RES-20250328235748-0050','C-007',1512.75999999999999);
INSERT INTO ReservationRooms VALUES('RES-20250328235748-0051','A-034',1040.79999999999995);
INSERT INTO ReservationRooms VALUES('RES-20250328235748-0051','B-039',920.309999999999945);
INSERT INTO ReservationRooms VALUES('RES-20250328235748-0052','A-036',471.00999999999999);
INSERT INTO ReservationRooms VALUES('RES-20250328235748-0052','A-043',1036.99);
INSERT INTO ReservationRooms VALUES('RES-20250328235748-0053','C-005',1731.91000000000008);
INSERT INTO ReservationRooms VALUES('RES-20250328235748-0053','A-002',2469.94999999999981);
INSERT INTO ReservationRooms VALUES('RES-20250328235748-0054','A-020',789.049999999999954);
INSERT INTO ReservationRooms VALUES('RES-20250328235748-0054','A-010',720.649999999999977);
INSERT INTO ReservationRooms VALUES('RES-20250328235748-0054','A-046',362.209999999999979);
INSERT INTO ReservationRooms VALUES('RES-20250328235748-0055','B-008',173.539999999999992);
INSERT INTO ReservationRooms VALUES('RES-20250328235748-0056','C-007',1575.5);
INSERT INTO ReservationRooms VALUES('RES-20250328235748-0057','B-049',556.279999999999972);
INSERT INTO ReservationRooms VALUES('RES-20250328235748-0057','A-020',1887.3900000000001);
INSERT INTO ReservationRooms VALUES('RES-20250328235748-0057','C-018',1358.92000000000007);
INSERT INTO ReservationRooms VALUES('RES-20250328235748-0058','C-006',145.199999999999988);
INSERT INTO ReservationRooms VALUES('RES-20250328235748-0058','A-045',240.310000000000002);
INSERT INTO ReservationRooms VALUES('RES-20250328235748-0058','A-046',227.960000000000007);
INSERT INTO ReservationRooms VALUES('RES-20250328235748-0059','B-041',1300.45000000000004);
INSERT INTO ReservationRooms VALUES('RES-20250328235748-0060','A-046',109.989999999999994);
INSERT INTO ReservationRooms VALUES('RES-20250328235748-0060','B-026',182.590000000000003);
INSERT INTO ReservationRooms VALUES('RES-20250328235748-0061','A-047',2616.4699999999998);
INSERT INTO ReservationRooms VALUES('RES-20250328235748-0062','B-001',540.33000000000004);
INSERT INTO ReservationRooms VALUES('RES-20250328235748-0062','A-020',1592.90000000000009);
INSERT INTO ReservationRooms VALUES('RES-20250328235748-0063','A-047',683.340000000000031);
INSERT INTO ReservationRooms VALUES('RES-20250328235748-0063','B-026',526.960000000000036);
INSERT INTO ReservationRooms VALUES('RES-20250328235748-0064','A-046',518.100000000000022);
INSERT INTO ReservationRooms VALUES('RES-20250328235748-0064','A-012',1025.81999999999993);
INSERT INTO ReservationRooms VALUES('RES-20250328235748-0064','B-026',662.940000000000054);
INSERT INTO ReservationRooms VALUES('RES-20250328235748-0065','A-038',1538.25);
INSERT INTO ReservationRooms VALUES('RES-20250328235748-0065','C-048',1030.31999999999993);
INSERT INTO ReservationRooms VALUES('RES-20250328235748-0065','A-034',688.049999999999954);
INSERT INTO ReservationRooms VALUES('RES-20250328235748-0066','A-046',1692.79999999999995);
INSERT INTO ReservationRooms VALUES('RES-20250328235748-0066','C-028',2748.40000000000009);
INSERT INTO ReservationRooms VALUES('RES-20250328235748-0066','C-015',1570.48000000000001);
INSERT INTO ReservationRooms VALUES('RES-20250328235748-0067','C-032',1944.02999999999997);
INSERT INTO ReservationRooms VALUES('RES-20250328235748-0068','B-021',480.029999999999972);
INSERT INTO ReservationRooms VALUES('RES-20250328235748-0068','B-033',551.399999999999977);
INSERT INTO ReservationRooms VALUES('RES-20250328235748-0069','A-029',892.889999999999986);
INSERT INTO ReservationRooms VALUES('RES-20250328235748-0069','A-017',1277.95000000000004);
INSERT INTO ReservationRooms VALUES('RES-20250328235748-0069','B-009',382.350000000000022);
INSERT INTO ReservationRooms VALUES('RES-20250328235748-0070','C-006',156.110000000000013);
INSERT INTO ReservationRooms VALUES('RES-20250328235748-0070','B-035',144.560000000000002);
INSERT INTO ReservationRooms VALUES('RES-20250328235748-0070','C-015',248.789999999999992);
INSERT INTO ReservationRooms VALUES('RES-20250328235748-0071','C-018',1977.77999999999997);
INSERT INTO ReservationRooms VALUES('RES-20250328235748-0072','B-026',2533.61999999999989);
INSERT INTO ReservationRooms VALUES('RES-20250328235748-0073','B-001',162.530000000000001);
INSERT INTO ReservationRooms VALUES('RES-20250328235748-0073','C-015',228.300000000000011);
INSERT INTO ReservationRooms VALUES('RES-20250328235748-0074','B-033',461.959999999999979);
INSERT INTO ReservationRooms VALUES('RES-20250328235748-0074','C-050',484.459999999999979);
INSERT INTO ReservationRooms VALUES('RES-20250328235748-0075','C-048',720.139999999999986);
INSERT INTO ReservationRooms VALUES('RES-20250328235748-0075','C-050',323.199999999999988);
INSERT INTO ReservationRooms VALUES('RES-20250328235748-0075','A-043',973.789999999999963);
INSERT INTO ReservationRooms VALUES('RES-20250328235748-0076','B-024',1030.53999999999996);
INSERT INTO ReservationRooms VALUES('RES-20250328235748-0077','A-029',362.25999999999999);
INSERT INTO ReservationRooms VALUES('RES-20250328235748-0077','B-026',373.060000000000002);
INSERT INTO ReservationRooms VALUES('RES-20250328235748-0078','B-039',1276.22000000000002);
INSERT INTO ReservationRooms VALUES('RES-20250328235748-0078','C-005',1167.55999999999994);
INSERT INTO ReservationRooms VALUES('RES-20250328235748-0078','A-030',1912.15000000000009);
INSERT INTO ReservationRooms VALUES('RES-20250328235748-0079','A-029',742.090000000000031);
INSERT INTO ReservationRooms VALUES('RES-20250328235748-0079','C-005',461.410000000000025);
INSERT INTO ReservationRooms VALUES('RES-20250328235748-0079','B-039',516.82000000000005);
INSERT INTO ReservationRooms VALUES('RES-20250328235748-0080','C-032',2494.78999999999996);
INSERT INTO ReservationRooms VALUES('RES-20250328235748-0081','A-017',1599.85999999999989);
INSERT INTO ReservationRooms VALUES('RES-20250328235748-0082','A-002',1118.36999999999989);
INSERT INTO ReservationRooms VALUES('RES-20250328235748-0083','A-034',906.269999999999981);
CREATE TABLE Payments (
    payment_id INTEGER PRIMARY KEY AUTOINCREMENT,
    reservation_id TEXT UNIQUE NOT NULL,
    payment_date TIMESTAMP DEFAULT CURRENT_TIMESTAMP,
    amount DECIMAL(10,2) NOT NULL,
    payment_method TEXT CHECK(payment_method IN ('tarjeta','efectivo','transferencia')) NOT NULL,
    transaction_id TEXT,
    status TEXT CHECK(status IN ('completado','pendiente','reembolsado')) NOT NULL,
    FOREIGN KEY (reservation_id) REFERENCES Reservations(reservation_id)
);
INSERT INTO Payments VALUES(1,'RES-20250328235748-0001','2024-05-23 23:50:35.472121',728.460000000000036,'transferencia','5dd71b5e-6cb3-4a45-bdd1-9bc81efa8541','completado');
INSERT INTO Payments VALUES(2,'RES-20250328235748-0002','2025-03-07 15:07:31.027520',1572.83999999999991,'transferencia','c910fcb1-8f57-4f67-89b5-28091dff82b4','completado');
INSERT INTO Payments VALUES(3,'RES-20250328235748-0003','2024-06-05 11:08:39.630317',1443.74,'efectivo','3147916e-a2c5-4149-8a03-909ede4b3541','completado');
INSERT INTO Payments VALUES(4,'RES-20250328235748-0004','2024-07-12 12:34:45.786306',1987.97000000000002,'transferencia','1e5a5dd5-5aad-4ad4-bcf7-a5882bc48741','completado');
INSERT INTO Payments VALUES(5,'RES-20250328235748-0005','2024-09-05 21:46:14.756290',660.889999999999986,'tarjeta','cc999c6b-d9db-4e73-b517-99638bbc7922','pendiente');
INSERT INTO Payments VALUES(6,'RES-20250328235748-0006','2024-07-26 14:12:34.340384',2613.55999999999994,'efectivo','d621171b-0b8d-4c75-818c-bf4c2029243f','completado');
INSERT INTO Payments VALUES(7,'RES-20250328235748-0007','2024-04-08 13:59:10.595885',7300.22999999999956,'efectivo','17ec61ea-b107-4ba1-ad97-51ca6d4e3727','completado');
INSERT INTO Payments VALUES(8,'RES-20250328235748-0008','2025-03-07 10:55:51.355121',2635.71000000000003,'transferencia','81ee12e3-33be-4565-ba9a-b98eca94dba4','completado');
INSERT INTO Payments VALUES(9,'RES-20250328235748-0009','2024-06-23 23:07:54.713201',2731.57000000000016,'tarjeta','8865114e-9766-4e53-9326-21f2f0966788','reembolsado');
INSERT INTO Payments VALUES(10,'RES-20250328235748-0010','2025-01-21 12:49:51.291724',3099.84000000000014,'efectivo','1eed8341-707d-4f57-8fb8-0b8abd7284c5','completado');
INSERT INTO Payments VALUES(11,'RES-20250328235748-0011','2024-04-12 21:58:36.565186',1925.50999999999999,'tarjeta','28f0fa2f-79c4-433d-a79a-0751efadf9ad','completado');
INSERT INTO Payments VALUES(12,'RES-20250328235748-0012','2024-11-27 01:45:39.800189',3586.5,'efectivo','6a2333ba-1c3a-4b53-874a-d59698b1d85a','pendiente');
INSERT INTO Payments VALUES(13,'RES-20250328235748-0013','2025-03-10 04:38:40.096108',3846.01999999999998,'tarjeta','c397489e-5d6d-4084-9fb0-82f5f16fd6e6','completado');
INSERT INTO Payments VALUES(14,'RES-20250328235748-0014','2025-01-01 13:40:40.929113',1327.70000000000004,'tarjeta','8521c0bd-170a-42ee-be05-00d86c25d04a','pendiente');
INSERT INTO Payments VALUES(15,'RES-20250328235748-0015','2024-07-28 08:02:44.364057',328.75999999999999,'efectivo','1720434a-80fe-483d-911e-ac9aacb9e60a','completado');
INSERT INTO Payments VALUES(16,'RES-20250328235748-0016','2024-09-24 04:16:19.235838',2697.32999999999992,'tarjeta','f5351dab-83c1-4920-8d77-0c1b6ebca30a','pendiente');
INSERT INTO Payments VALUES(17,'RES-20250328235748-0017','2024-07-24 01:23:02.693146',1581.05999999999994,'efectivo','eae5c30d-025e-4586-bfe8-319144dff50a','completado');
INSERT INTO Payments VALUES(18,'RES-20250328235748-0018','2024-08-14 05:11:19.318819',512.82000000000005,'transferencia','7dc62bbb-4728-4ad0-a292-60555071e75a','completado');
INSERT INTO Payments VALUES(19,'RES-20250328235748-0019','2024-06-23 19:44:08.966235',279.00999999999999,'tarjeta','4f71c924-fb88-4a97-a8ea-313cacdda044','completado');
INSERT INTO Payments VALUES(20,'RES-20250328235748-0020','2024-10-07 18:38:26.813132',2317.8800000000001,'tarjeta','a88b84c5-a9db-420f-a7df-7f5fe2cb6925','pendiente');
INSERT INTO Payments VALUES(21,'RES-20250328235748-0021','2024-09-14 21:29:49.151796',1114.54999999999995,'efectivo','bbe3a255-30ed-4574-9c93-f4caae6ceb10','completado');
INSERT INTO Payments VALUES(22,'RES-20250328235748-0022','2024-08-28 07:18:02.103174',4600.35999999999967,'tarjeta','89ecd144-3335-4006-a09d-c490f2c32f8f','completado');
INSERT INTO Payments VALUES(23,'RES-20250328235748-0023','2024-04-14 15:40:39.577693',4186.02000000000043,'transferencia','9111462c-e33a-4fe0-accd-e25a8a0427c9','completado');
INSERT INTO Payments VALUES(24,'RES-20250328235748-0024','2024-05-24 12:17:50.931441',1693.78999999999996,'transferencia','87e600db-56c9-4846-9eac-e40e1206ee4d','completado');
INSERT INTO Payments VALUES(25,'RES-20250328235748-0025','2024-05-31 01:13:10.389174',584.480000000000018,'tarjeta','caa21fb2-8cce-415c-b7a0-55959c80eb24','completado');
INSERT INTO Payments VALUES(26,'RES-20250328235748-0026','2025-02-08 05:25:22.766296',379.75999999999999,'tarjeta','05f625f6-a07c-4e6d-8c59-6a2b8eeb98b8','completado');
INSERT INTO Payments VALUES(27,'RES-20250328235748-0027','2025-03-10 01:12:10.884711',494.839999999999975,'transferencia','041c7e30-a707-4d06-a78d-992422e740d3','completado');
INSERT INTO Payments VALUES(28,'RES-20250328235748-0028','2024-11-08 13:42:54.496981',463.439999999999997,'transferencia','7ed40c77-87df-4e42-a580-4014058eb91f','completado');
INSERT INTO Payments VALUES(29,'RES-20250328235748-0029','2024-04-20 11:38:49.369115',1499.69000000000005,'transferencia','d0e14b32-adf0-4a3f-8a0a-d19b3ead1fba','pendiente');
INSERT INTO Payments VALUES(30,'RES-20250328235748-0030','2024-03-30 22:12:32.994422',2371.15999999999985,'transferencia','b2e05a88-962f-4425-bfa6-b8f660dc98ea','completado');
INSERT INTO Payments VALUES(31,'RES-20250328235748-0031','2024-06-22 21:24:47.825008',2223.80000000000018,'tarjeta','de990cad-7478-4260-bafc-c3177e440e89','completado');
INSERT INTO Payments VALUES(32,'RES-20250328235748-0032','2024-06-27 13:50:39.123087',2934.69000000000005,'transferencia','98673def-f989-4e0f-9526-7a1c88449303','completado');
INSERT INTO Payments VALUES(33,'RES-20250328235748-0033','2024-09-23 18:22:24.959253',1151.74,'efectivo','1743c0c0-729a-4506-8dbc-9f3a4e2f0e42','completado');
INSERT INTO Payments VALUES(34,'RES-20250328235748-0034','2024-07-01 06:25:56.034546',2723.8800000000001,'transferencia','5d0991bc-3683-4c65-aa56-53b5298e5937','completado');
INSERT INTO Payments VALUES(35,'RES-20250328235748-0035','2024-04-21 08:10:22.424135',809.82000000000005,'efectivo','2da79186-dd8b-4a41-a4c1-71fe45e341b7','completado');
INSERT INTO Payments VALUES(36,'RES-20250328235748-0036','2024-06-28 10:58:53.594392',797.059999999999945,'tarjeta','a161c57c-f6bb-49f2-bfef-cd6aaa949d30','completado');
INSERT INTO Payments VALUES(37,'RES-20250328235748-0037','2025-02-04 00:10:34.139179',1441.30999999999994,'transferencia','80ad38f3-dcbe-4649-96f0-e5d4ef32c9a6','pendiente');
INSERT INTO Payments VALUES(38,'RES-20250328235748-0038','2025-03-10 09:25:22.834589',2302.19999999999981,'tarjeta','5442536b-9d94-4070-9e5b-be85f0e51ea0','completado');
INSERT INTO Payments VALUES(39,'RES-20250328235748-0039','2024-04-25 16:53:35.396059',871.019999999999981,'efectivo','d64edc56-52ad-4b90-b666-46c533f67e42','completado');
INSERT INTO Payments VALUES(40,'RES-20250328235748-0040','2024-08-29 00:55:38.205937',1933.23000000000001,'tarjeta','8c6c49ec-3951-4bc0-916a-7bd816736f35','completado');
INSERT INTO Payments VALUES(41,'RES-20250328235748-0041','2024-09-29 11:47:47.653714',2504.19000000000005,'tarjeta','87c53288-56e3-4c4a-a972-e9c6ede22826','completado');
INSERT INTO Payments VALUES(42,'RES-20250328235748-0042','2024-08-02 00:48:48.944445',5316.75,'tarjeta','a90f1b19-cbdd-4f9d-abb1-c34dc0e4d53e','completado');
INSERT INTO Payments VALUES(43,'RES-20250328235748-0043','2024-05-13 21:10:49.289673',5791.84000000000014,'efectivo','0b51f1cb-9355-4485-8366-63d7a0c5a851','completado');
INSERT INTO Payments VALUES(44,'RES-20250328235748-0044','2024-10-28 20:49:53.565999',2714.07000000000016,'transferencia','8b7322ba-0608-4636-9da7-a3d7c01cdf9e','completado');
INSERT INTO Payments VALUES(45,'RES-20250328235748-0045','2024-05-21 11:44:45.360797',118.799999999999997,'transferencia','976cd956-a6e7-4450-a387-3b78954da0fb','completado');
INSERT INTO Payments VALUES(46,'RES-20250328235748-0046','2024-09-11 21:50:46.469704',945.519999999999981,'efectivo','2e1dcb44-e698-4a39-b4fb-7fcfd4791fe1','completado');
INSERT INTO Payments VALUES(47,'RES-20250328235748-0047','2025-02-08 16:25:35.261369',1220.1300000000001,'tarjeta','b9526892-be25-4a34-af1e-6a05fec7e7e6','pendiente');
INSERT INTO Payments VALUES(48,'RES-20250328235748-0048','2024-08-21 17:26:58.130191',4985,'transferencia','af737238-56ae-4d78-b9ae-dd3ae1c2a520','completado');
INSERT INTO Payments VALUES(49,'RES-20250328235748-0049','2024-03-30 04:30:15.884902',2711.09000000000014,'efectivo','876d9d25-0e27-4e0a-ba0b-9e1434719504','pendiente');
INSERT INTO Payments VALUES(50,'RES-20250328235748-0050','2024-07-09 06:05:02.299924',3781.19999999999981,'transferencia','1ba211cb-600d-426a-9a65-cb7fea1b45bc','completado');
INSERT INTO Payments VALUES(51,'RES-20250328235748-0051','2024-05-25 19:12:34.919453',1889.30999999999994,'efectivo','5419c7c8-2ef5-41cd-b167-2898ea9e0ad3','completado');
INSERT INTO Payments VALUES(52,'RES-20250328235748-0052','2024-04-15 17:41:04.750012',1447.83999999999991,'tarjeta','496b7b5d-2128-436a-b0a6-d53a37cfb673','completado');
INSERT INTO Payments VALUES(53,'RES-20250328235748-0053','2024-05-15 05:19:53.977063',4538.53999999999996,'efectivo','a492a39b-7858-4816-a267-4260546fb1da','completado');
INSERT INTO Payments VALUES(54,'RES-20250328235748-0054','2025-03-06 05:34:06.339767',1460.79999999999995,'tarjeta','57b667d1-36ad-425f-aae3-2276d854f653','completado');
INSERT INTO Payments VALUES(55,'RES-20250328235748-0055','2024-09-10 23:51:54.118286',184.090000000000003,'tarjeta','0374ccc2-4925-439d-a11e-b082a143f31f','completado');
INSERT INTO Payments VALUES(56,'RES-20250328235748-0056','2024-09-24 06:03:31.572270',1198.65000000000009,'tarjeta','099185e6-a07d-49b6-b624-a3d9bbba480d','completado');
INSERT INTO Payments VALUES(57,'RES-20250328235748-0057','2024-04-08 14:35:38.121167',2855.0999999999999,'efectivo','05b53e56-67e0-4c5c-bb13-2fa15a6ed900','completado');
INSERT INTO Payments VALUES(58,'RES-20250328235748-0058','2024-10-18 05:46:18.679233',588.299999999999954,'transferencia','de1399a9-6537-4a08-bdbb-c25bf91b384d','completado');
INSERT INTO Payments VALUES(59,'RES-20250328235748-0059','2024-08-03 08:59:03.216014',984.57000000000005,'transferencia','3aa93fe8-e0a2-41e0-bc0b-94583e85292e','completado');
INSERT INTO Payments VALUES(60,'RES-20250328235748-0060','2025-02-18 13:09:55.495210',318.670000000000015,'transferencia','d9c3c3a1-b9ee-43e7-b795-84f54f70fb33','completado');
INSERT INTO Payments VALUES(61,'RES-20250328235748-0061','2024-12-21 07:36:35.341138',2216.42999999999983,'efectivo','2fce4c88-a6d7-4479-87d3-aee47e289d84','completado');
INSERT INTO Payments VALUES(62,'RES-20250328235748-0062','2024-05-08 04:32:01.004800',1725.29999999999995,'efectivo','f9d11cd1-6ece-4de9-b04e-c6b6c4989a3e','completado');
INSERT INTO Payments VALUES(63,'RES-20250328235748-0063','2025-02-12 23:05:58.623024',1306.31999999999993,'efectivo','f30bb103-6d64-4ba6-86ea-c0bce2d6ca3b','completado');
INSERT INTO Payments VALUES(64,'RES-20250328235748-0064','2024-12-15 05:26:36.309026',1684.93000000000006,'tarjeta','34e9696b-040e-4b3c-9ec2-b0a73a5f6cba','completado');
INSERT INTO Payments VALUES(65,'RES-20250328235748-0065','2024-04-21 19:53:43.461890',3524.36999999999989,'transferencia','a3ed3869-d96f-46c1-9854-e3695b053ab6','completado');
INSERT INTO Payments VALUES(66,'RES-20250328235748-0066','2025-01-05 22:54:32.678464',4533.0600000000004,'efectivo','2c32f26d-231d-4444-b31e-8e30e0d72888','completado');
INSERT INTO Payments VALUES(67,'RES-20250328235748-0067','2024-10-23 16:10:06.156664',1669.99,'efectivo','d62e459b-b818-48b6-969a-6d44a30e675d','completado');
INSERT INTO Payments VALUES(68,'RES-20250328235748-0068','2024-12-22 23:12:52.020969',1026.1400000000001,'efectivo','e1d6bc39-12c4-4cb5-800a-5960462bb612','completado');
INSERT INTO Payments VALUES(69,'RES-20250328235748-0069','2024-04-15 02:14:19.338568',2448.17999999999983,'efectivo','51aef96d-e560-420a-813b-1a7b2844913f','completado');
INSERT INTO Payments VALUES(70,'RES-20250328235748-0070','2024-10-07 03:37:12.837146',436.209999999999979,'transferencia','1aff1f2c-be16-45d2-9a6f-001f4430829b','completado');
INSERT INTO Payments VALUES(71,'RES-20250328235748-0071','2024-11-04 19:12:40.088985',1861.66000000000008,'tarjeta','f61986a1-1a56-47e4-98b9-4237d769a5c5','pendiente');
INSERT INTO Payments VALUES(72,'RES-20250328235748-0072','2024-08-15 00:03:44.069143',2630.21000000000003,'tarjeta','6e44e9dd-e875-49ea-a9ab-5b037fd560a4','completado');
INSERT INTO Payments VALUES(73,'RES-20250328235748-0073','2024-11-23 19:42:21.779765',297.079999999999984,'tarjeta','9034d6d2-f9e2-4936-b54d-e3d3904e4291','completado');
INSERT INTO Payments VALUES(74,'RES-20250328235748-0074','2024-10-13 01:24:02.207411',1021.83000000000004,'tarjeta','485e3079-4e0c-42fb-9870-89f35de4d6e1','completado');
INSERT INTO Payments VALUES(75,'RES-20250328235748-0075','2024-06-25 00:54:20.004616',1562.17000000000007,'efectivo','c1698f3a-ad69-4ee4-b216-70aba450eeae','completado');
INSERT INTO Payments VALUES(76,'RES-20250328235748-0076','2024-05-01 05:47:10.672296',934.990000000000009,'transferencia','72c47471-e0a8-49a1-a0c7-49a655d0e85a','completado');
INSERT INTO Payments VALUES(77,'RES-20250328235748-0077','2024-08-17 18:54:21.085891',611.159999999999968,'efectivo','9b14cf37-7c18-44c9-a9f7-e668851169d3','completado');
INSERT INTO Payments VALUES(78,'RES-20250328235748-0078','2024-04-24 17:20:32.214978',4396.02999999999974,'tarjeta','efbd5abf-9ee6-42c5-9d53-59c283ec4a95','completado');
INSERT INTO Payments VALUES(79,'RES-20250328235748-0079','2025-01-16 15:23:12.213059',1666.45000000000004,'tarjeta','8caf1747-68bf-42f3-bc41-cdac11e31ffe','pendiente');
INSERT INTO Payments VALUES(80,'RES-20250328235748-0080','2024-03-31 03:06:51.622256',2566.48999999999978,'efectivo','1521d5e2-8822-42ca-99de-3642826db3f6','completado');
INSERT INTO Payments VALUES(81,'RES-20250328235748-0081','2024-10-12 07:29:48.306074',1316.06999999999993,'efectivo','904e14c4-95e4-492e-b041-b0cd32718d7d','completado');
INSERT INTO Payments VALUES(82,'RES-20250328235748-0082','2024-06-20 04:28:26.833452',994.919999999999959,'efectivo','9aee601f-68d6-4e3e-ac3b-dd2fc6603753','completado');
INSERT INTO Payments VALUES(83,'RES-20250328235748-0083','2024-08-17 05:35:03.518589',901.33000000000004,'tarjeta','cc548ec1-ded1-4d7c-aed8-bb709bb43014','completado');
CREATE TABLE Reviews (
    review_id INTEGER PRIMARY KEY AUTOINCREMENT,
    guest_id INTEGER NOT NULL,
    room_number TEXT NOT NULL,
    reservation_id TEXT,
    rating INTEGER NOT NULL CHECK(rating BETWEEN 1 AND 5),
    comment TEXT,
    review_date DATE DEFAULT (DATE('now')),
    FOREIGN KEY (guest_id) REFERENCES Guests(guest_id),
    FOREIGN KEY (room_number) REFERENCES Rooms(room_number),
    FOREIGN KEY (reservation_id) REFERENCES Reservations(reservation_id)
);
INSERT INTO Reviews VALUES(1,86,'A-034','RES-20250328235748-0065',4,'Repellendus commodi magnam fugit.','2025-03-14');
INSERT INTO Reviews VALUES(2,59,'A-043','RES-20250328235748-0046',4,'Quaerat deserunt modi esse quos iste nostrum.','2024-12-20');
INSERT INTO Reviews VALUES(3,39,'A-002','RES-20250328235748-0032',5,'Neque aperiam quos quidem beatae quis.','2024-10-31');
INSERT INTO Reviews VALUES(4,92,'B-024','RES-20250328235748-0076',4,'Quas labore dicta eum animi quasi. Animi blanditiis eligendi voluptas velit consectetur.','2025-02-14');
INSERT INTO Reviews VALUES(5,67,'B-041','RES-20250328235748-0059',4,'Sed debitis accusamus ullam tempore sunt.','2024-10-21');
INSERT INTO Reviews VALUES(6,3,'A-047','RES-20250328235748-0043',5,'Necessitatibus harum assumenda est. Soluta ab enim explicabo tempora dolorum repellendus.','2025-03-22');
INSERT INTO Reviews VALUES(7,83,'B-024','RES-20250328235748-0028',5,NULL,'2024-11-19');
INSERT INTO Reviews VALUES(8,40,'C-027','RES-20250328235748-0018',5,'Dolor voluptas earum dolorum perferendis ut. Beatae totam vitae magnam rem non debitis.','2025-01-09');
INSERT INTO Reviews VALUES(9,16,'C-032','RES-20250328235748-0080',5,'Inventore saepe accusamus dolores perspiciatis.','2025-01-30');
INSERT INTO Reviews VALUES(10,39,'A-002','RES-20250328235748-0032',4,NULL,'2025-02-26');
INSERT INTO Reviews VALUES(11,33,'C-007','RES-20250328235748-0056',4,'Fugit odio fugit esse quis iure sed. Reiciendis vel beatae pariatur.','2024-12-05');
INSERT INTO Reviews VALUES(12,94,'A-023','RES-20250328235748-0044',5,'Assumenda cupiditate eligendi iste. Dolorem voluptas architecto a.','2024-11-25');
INSERT INTO Reviews VALUES(13,80,'A-038','RES-20250328235748-0050',5,NULL,'2025-01-05');
INSERT INTO Reviews VALUES(14,28,'A-029','RES-20250328235748-0048',4,NULL,'2024-12-18');
INSERT INTO Reviews VALUES(15,99,'A-029','RES-20250328235748-0079',2,NULL,'2025-03-14');
INSERT INTO Reviews VALUES(16,26,'A-012','RES-20250328235748-0064',4,'Quos iste iusto maiores cumque.','2025-01-10');
INSERT INTO Reviews VALUES(17,67,'B-041','RES-20250328235748-0059',5,'Rerum ratione consectetur dolorem culpa molestias.','2024-11-29');
INSERT INTO Reviews VALUES(18,92,'A-043','RES-20250328235748-0075',5,NULL,'2024-09-08');
INSERT INTO Reviews VALUES(19,40,'C-027','RES-20250328235748-0018',4,'Repellat culpa iure sunt veniam quis nam.','2025-03-14');
INSERT INTO Reviews VALUES(20,27,'A-046','RES-20250328235748-0060',3,NULL,'2025-03-01');
INSERT INTO Reviews VALUES(21,56,'A-017','RES-20250328235748-0069',2,'Laboriosam impedit eveniet at velit explicabo. Expedita molestiae reprehenderit occaecati minus.','2025-01-06');
INSERT INTO Reviews VALUES(22,96,'A-046','RES-20250328235748-0020',5,'Iure temporibus perferendis molestiae eius delectus. Qui reprehenderit recusandae voluptate maxime dolor.','2025-03-18');
INSERT INTO Reviews VALUES(23,90,'A-047','RES-20250328235748-0017',4,'Labore consectetur beatae. Odit esse quod voluptatem.','2024-10-28');
INSERT INTO Reviews VALUES(24,41,'A-020','RES-20250328235748-0057',5,NULL,'2024-10-23');
INSERT INTO Reviews VALUES(25,21,'A-037','RES-20250328235748-0031',5,NULL,'2024-12-27');
INSERT INTO Reviews VALUES(26,83,'B-024','RES-20250328235748-0028',2,NULL,'2025-01-19');
INSERT INTO Reviews VALUES(27,21,'A-037','RES-20250328235748-0031',5,'Unde et non quasi explicabo eos iure.','2024-09-01');
INSERT INTO Reviews VALUES(28,63,'A-046','RES-20250328235748-0012',5,'Quis illo sequi nesciunt dicta nobis qui. Distinctio asperiores vero laudantium vitae.','2025-03-10');
INSERT INTO Reviews VALUES(29,31,'B-039','RES-20250328235748-0047',4,'Voluptatibus expedita suscipit unde accusamus quam facilis reprehenderit. Numquam est dolores sequi soluta perspiciatis culpa.','2025-03-21');
INSERT INTO Reviews VALUES(30,42,'A-002','RES-20250328235748-0042',3,NULL,'2024-10-24');
INSERT INTO Reviews VALUES(31,80,'A-038','RES-20250328235748-0050',4,NULL,'2025-02-15');
INSERT INTO Reviews VALUES(32,96,'A-046','RES-20250328235748-0020',5,'Magni ratione accusamus soluta neque.','2025-02-04');
INSERT INTO Reviews VALUES(33,41,'A-020','RES-20250328235748-0057',3,'Illum dolores harum deleniti.','2024-12-19');
INSERT INTO Reviews VALUES(34,98,'B-004','RES-20250328235748-0040',4,'Nostrum facilis natus aliquid molestias.','2025-03-10');
INSERT INTO Reviews VALUES(35,89,'A-020','RES-20250328235748-0062',5,'Eligendi repellat provident eligendi.','2024-09-20');
INSERT INTO Reviews VALUES(36,40,'C-027','RES-20250328235748-0018',5,NULL,'2024-10-11');
INSERT INTO Reviews VALUES(37,33,'A-017','RES-20250328235748-0081',4,'Explicabo sint ea.','2024-11-04');
INSERT INTO Reviews VALUES(38,27,'A-003','RES-20250328235748-0026',4,'Optio ratione deserunt architecto odio ab eius.','2025-03-02');
INSERT INTO Reviews VALUES(39,16,'B-035','RES-20250328235748-0070',4,'Soluta molestias quos odit itaque cum sit tempora.','2025-01-05');
INSERT INTO Reviews VALUES(40,16,'C-032','RES-20250328235748-0080',4,'Debitis soluta alias soluta explicabo error pariatur.','2024-10-19');
INSERT INTO Reviews VALUES(41,3,'A-046','RES-20250328235748-0066',4,'Voluptate reiciendis voluptatibus repellendus cumque corporis itaque. Mollitia fugit magnam eum eos occaecati.','2025-03-01');
INSERT INTO Reviews VALUES(42,1,'B-001','RES-20250328235748-0073',2,'Ipsum commodi quos consequuntur eos excepturi tempore magni. Occaecati animi aspernatur et minus aperiam.','2025-03-11');
INSERT INTO Reviews VALUES(43,13,'C-016','RES-20250328235748-0033',5,'Nemo doloribus ex ipsa.','2025-02-22');
INSERT INTO Reviews VALUES(44,80,'A-038','RES-20250328235748-0050',5,'Ipsa facere aut aliquid beatae. Sequi magni doloribus.','2024-10-17');
INSERT INTO Reviews VALUES(45,19,'A-036','RES-20250328235748-0049',5,'Dicta architecto unde asperiores ab cupiditate. Laborum quae repudiandae eum blanditiis eum omnis.','2025-01-16');
INSERT INTO Reviews VALUES(46,12,'A-017','RES-20250328235748-0038',5,NULL,'2025-03-22');
INSERT INTO Reviews VALUES(47,83,'B-024','RES-20250328235748-0028',4,'Et sequi optio ab.','2025-03-05');
INSERT INTO Reviews VALUES(48,48,'A-011','RES-20250328235748-0006',2,NULL,'2025-03-13');
INSERT INTO Reviews VALUES(49,87,'A-029','RES-20250328235748-0007',2,NULL,'2024-09-06');
CREATE TABLE Amenities (
    amenity_id INTEGER PRIMARY KEY AUTOINCREMENT,
    name TEXT NOT NULL,
    description TEXT
);
INSERT INTO Amenities VALUES(1,'WiFi','Internet de alta velocidad');
INSERT INTO Amenities VALUES(2,'TV 4K','Smart TV con streaming');
INSERT INTO Amenities VALUES(3,'Minibar','Bebidas y snacks premium');
INSERT INTO Amenities VALUES(4,'Spa','Acceso a área spa');
INSERT INTO Amenities VALUES(5,'Desayuno','Buffet incluido');
INSERT INTO Amenities VALUES(6,'Parking','Estacionamiento cubierto');
INSERT INTO Amenities VALUES(7,'Vistas','Vista al mar/ciudad');
INSERT INTO Amenities VALUES(8,'Room Service','24 horas');
CREATE TABLE RoomAmenities (
    room_number TEXT NOT NULL,
    amenity_id INTEGER NOT NULL,
    PRIMARY KEY (room_number, amenity_id),
    FOREIGN KEY (room_number) REFERENCES Rooms(room_number),
    FOREIGN KEY (amenity_id) REFERENCES Amenities(amenity_id)
);
INSERT INTO RoomAmenities VALUES('B-001',3);
INSERT INTO RoomAmenities VALUES('B-001',5);
INSERT INTO RoomAmenities VALUES('B-001',4);
INSERT INTO RoomAmenities VALUES('A-002',4);
INSERT INTO RoomAmenities VALUES('A-002',1);
INSERT INTO RoomAmenities VALUES('A-002',5);
INSERT INTO RoomAmenities VALUES('A-002',7);
INSERT INTO RoomAmenities VALUES('A-003',6);
INSERT INTO RoomAmenities VALUES('A-003',3);
INSERT INTO RoomAmenities VALUES('A-003',5);
INSERT INTO RoomAmenities VALUES('A-003',8);
INSERT INTO RoomAmenities VALUES('B-004',4);
INSERT INTO RoomAmenities VALUES('B-004',1);
INSERT INTO RoomAmenities VALUES('C-005',3);
INSERT INTO RoomAmenities VALUES('C-005',4);
INSERT INTO RoomAmenities VALUES('C-005',8);
INSERT INTO RoomAmenities VALUES('C-005',1);
INSERT INTO RoomAmenities VALUES('C-006',2);
INSERT INTO RoomAmenities VALUES('C-006',5);
INSERT INTO RoomAmenities VALUES('C-006',8);
INSERT INTO RoomAmenities VALUES('C-006',4);
INSERT INTO RoomAmenities VALUES('C-006',1);
INSERT INTO RoomAmenities VALUES('C-007',3);
INSERT INTO RoomAmenities VALUES('C-007',4);
INSERT INTO RoomAmenities VALUES('C-007',8);
INSERT INTO RoomAmenities VALUES('C-007',2);
INSERT INTO RoomAmenities VALUES('C-007',7);
INSERT INTO RoomAmenities VALUES('B-008',2);
INSERT INTO RoomAmenities VALUES('B-008',5);
INSERT INTO RoomAmenities VALUES('B-008',1);
INSERT INTO RoomAmenities VALUES('B-008',8);
INSERT INTO RoomAmenities VALUES('B-008',4);
INSERT INTO RoomAmenities VALUES('B-009',4);
INSERT INTO RoomAmenities VALUES('B-009',2);
INSERT INTO RoomAmenities VALUES('B-009',8);
INSERT INTO RoomAmenities VALUES('B-009',3);
INSERT INTO RoomAmenities VALUES('A-010',8);
INSERT INTO RoomAmenities VALUES('A-010',7);
INSERT INTO RoomAmenities VALUES('A-010',1);
INSERT INTO RoomAmenities VALUES('A-011',4);
INSERT INTO RoomAmenities VALUES('A-011',5);
INSERT INTO RoomAmenities VALUES('A-011',7);
INSERT INTO RoomAmenities VALUES('A-012',4);
INSERT INTO RoomAmenities VALUES('A-012',7);
INSERT INTO RoomAmenities VALUES('A-012',2);
INSERT INTO RoomAmenities VALUES('A-012',1);
INSERT INTO RoomAmenities VALUES('C-013',4);
INSERT INTO RoomAmenities VALUES('C-013',6);
INSERT INTO RoomAmenities VALUES('C-013',8);
INSERT INTO RoomAmenities VALUES('C-013',3);
INSERT INTO RoomAmenities VALUES('B-014',7);
INSERT INTO RoomAmenities VALUES('B-014',4);
INSERT INTO RoomAmenities VALUES('C-015',8);
INSERT INTO RoomAmenities VALUES('C-015',5);
INSERT INTO RoomAmenities VALUES('C-015',3);
INSERT INTO RoomAmenities VALUES('C-015',7);
INSERT INTO RoomAmenities VALUES('C-016',3);
INSERT INTO RoomAmenities VALUES('C-016',7);
INSERT INTO RoomAmenities VALUES('C-016',1);
INSERT INTO RoomAmenities VALUES('A-017',1);
INSERT INTO RoomAmenities VALUES('A-017',5);
INSERT INTO RoomAmenities VALUES('C-018',3);
INSERT INTO RoomAmenities VALUES('C-018',2);
INSERT INTO RoomAmenities VALUES('C-018',5);
INSERT INTO RoomAmenities VALUES('C-018',8);
INSERT INTO RoomAmenities VALUES('C-018',4);
INSERT INTO RoomAmenities VALUES('A-019',3);
INSERT INTO RoomAmenities VALUES('A-019',5);
INSERT INTO RoomAmenities VALUES('A-019',4);
INSERT INTO RoomAmenities VALUES('A-019',8);
INSERT INTO RoomAmenities VALUES('A-019',7);
INSERT INTO RoomAmenities VALUES('A-020',8);
INSERT INTO RoomAmenities VALUES('A-020',4);
INSERT INTO RoomAmenities VALUES('A-020',2);
INSERT INTO RoomAmenities VALUES('A-020',1);
INSERT INTO RoomAmenities VALUES('B-021',2);
INSERT INTO RoomAmenities VALUES('B-021',6);
INSERT INTO RoomAmenities VALUES('B-021',1);
INSERT INTO RoomAmenities VALUES('B-021',4);
INSERT INTO RoomAmenities VALUES('C-022',4);
INSERT INTO RoomAmenities VALUES('C-022',7);
INSERT INTO RoomAmenities VALUES('C-022',6);
INSERT INTO RoomAmenities VALUES('C-022',2);
INSERT INTO RoomAmenities VALUES('A-023',8);
INSERT INTO RoomAmenities VALUES('A-023',5);
INSERT INTO RoomAmenities VALUES('A-023',4);
INSERT INTO RoomAmenities VALUES('A-023',3);
INSERT INTO RoomAmenities VALUES('B-024',4);
INSERT INTO RoomAmenities VALUES('B-024',1);
INSERT INTO RoomAmenities VALUES('B-024',6);
INSERT INTO RoomAmenities VALUES('C-025',3);
INSERT INTO RoomAmenities VALUES('C-025',4);
INSERT INTO RoomAmenities VALUES('C-025',1);
INSERT INTO RoomAmenities VALUES('C-025',7);
INSERT INTO RoomAmenities VALUES('B-026',3);
INSERT INTO RoomAmenities VALUES('B-026',4);
INSERT INTO RoomAmenities VALUES('B-026',1);
INSERT INTO RoomAmenities VALUES('B-026',7);
INSERT INTO RoomAmenities VALUES('B-026',2);
INSERT INTO RoomAmenities VALUES('C-027',3);
INSERT INTO RoomAmenities VALUES('C-027',5);
INSERT INTO RoomAmenities VALUES('C-027',1);
INSERT INTO RoomAmenities VALUES('C-027',7);
INSERT INTO RoomAmenities VALUES('C-027',6);
INSERT INTO RoomAmenities VALUES('C-028',8);
INSERT INTO RoomAmenities VALUES('C-028',4);
INSERT INTO RoomAmenities VALUES('A-029',7);
INSERT INTO RoomAmenities VALUES('A-029',1);
INSERT INTO RoomAmenities VALUES('A-029',6);
INSERT INTO RoomAmenities VALUES('A-029',2);
INSERT INTO RoomAmenities VALUES('A-029',3);
INSERT INTO RoomAmenities VALUES('A-030',6);
INSERT INTO RoomAmenities VALUES('A-030',4);
INSERT INTO RoomAmenities VALUES('A-030',8);
INSERT INTO RoomAmenities VALUES('A-030',7);
INSERT INTO RoomAmenities VALUES('C-031',5);
INSERT INTO RoomAmenities VALUES('C-031',2);
INSERT INTO RoomAmenities VALUES('C-032',8);
INSERT INTO RoomAmenities VALUES('C-032',2);
INSERT INTO RoomAmenities VALUES('B-033',3);
INSERT INTO RoomAmenities VALUES('B-033',4);
INSERT INTO RoomAmenities VALUES('B-033',5);
INSERT INTO RoomAmenities VALUES('B-033',6);
INSERT INTO RoomAmenities VALUES('B-033',1);
INSERT INTO RoomAmenities VALUES('A-034',4);
INSERT INTO RoomAmenities VALUES('A-034',5);
INSERT INTO RoomAmenities VALUES('A-034',7);
INSERT INTO RoomAmenities VALUES('A-034',6);
INSERT INTO RoomAmenities VALUES('B-035',5);
INSERT INTO RoomAmenities VALUES('B-035',6);
INSERT INTO RoomAmenities VALUES('B-035',4);
INSERT INTO RoomAmenities VALUES('B-035',2);
INSERT INTO RoomAmenities VALUES('B-035',3);
INSERT INTO RoomAmenities VALUES('A-036',4);
INSERT INTO RoomAmenities VALUES('A-036',8);
INSERT INTO RoomAmenities VALUES('A-037',8);
INSERT INTO RoomAmenities VALUES('A-037',1);
INSERT INTO RoomAmenities VALUES('A-038',8);
INSERT INTO RoomAmenities VALUES('A-038',7);
INSERT INTO RoomAmenities VALUES('A-038',4);
INSERT INTO RoomAmenities VALUES('A-038',5);
INSERT INTO RoomAmenities VALUES('A-038',6);
INSERT INTO RoomAmenities VALUES('B-039',1);
INSERT INTO RoomAmenities VALUES('B-039',5);
INSERT INTO RoomAmenities VALUES('A-040',4);
INSERT INTO RoomAmenities VALUES('A-040',5);
INSERT INTO RoomAmenities VALUES('A-040',7);
INSERT INTO RoomAmenities VALUES('A-040',6);
INSERT INTO RoomAmenities VALUES('B-041',3);
INSERT INTO RoomAmenities VALUES('B-041',1);
INSERT INTO RoomAmenities VALUES('C-042',5);
INSERT INTO RoomAmenities VALUES('C-042',8);
INSERT INTO RoomAmenities VALUES('A-043',2);
INSERT INTO RoomAmenities VALUES('A-043',8);
INSERT INTO RoomAmenities VALUES('A-043',7);
INSERT INTO RoomAmenities VALUES('C-044',8);
INSERT INTO RoomAmenities VALUES('C-044',6);
INSERT INTO RoomAmenities VALUES('C-044',2);
INSERT INTO RoomAmenities VALUES('A-045',2);
INSERT INTO RoomAmenities VALUES('A-045',6);
INSERT INTO RoomAmenities VALUES('A-045',1);
INSERT INTO RoomAmenities VALUES('A-046',2);
INSERT INTO RoomAmenities VALUES('A-046',4);
INSERT INTO RoomAmenities VALUES('A-047',6);
INSERT INTO RoomAmenities VALUES('A-047',1);
INSERT INTO RoomAmenities VALUES('C-048',1);
INSERT INTO RoomAmenities VALUES('C-048',2);
INSERT INTO RoomAmenities VALUES('C-048',6);
INSERT INTO RoomAmenities VALUES('C-048',7);
INSERT INTO RoomAmenities VALUES('B-049',3);
INSERT INTO RoomAmenities VALUES('B-049',6);
INSERT INTO RoomAmenities VALUES('C-050',5);
INSERT INTO RoomAmenities VALUES('C-050',6);
DELETE FROM sqlite_sequence;
INSERT INTO sqlite_sequence VALUES('Guests',100);
INSERT INTO sqlite_sequence VALUES('RoomTypes',4);
INSERT INTO sqlite_sequence VALUES('Payments',83);
INSERT INTO sqlite_sequence VALUES('Reviews',49);
INSERT INTO sqlite_sequence VALUES('Amenities',8);
COMMIT;
